{"v":"5.8.1","fr":60,"ip":0,"op":158,"w":1024,"h":1024,"nm":"emoji_cake","ddd":0,"assets":[],"layers":[{"ddd":0,"ind":1,"ty":4,"nm":"smoke ","sr":1,"ks":{"o":{"a":1,"k":[{"i":{"x":[0.667],"y":[1]},"o":{"x":[0.167],"y":[0.167]},"t":85,"s":[100]},{"t":105,"s":[0]}],"ix":11},"r":{"a":0,"k":0,"ix":10},"p":{"a":0,"k":[499.052,143.976,0],"ix":2,"l":2},"a":{"a":0,"k":[120.85,98.506,0],"ix":1,"l":2},"s":{"a":0,"k":[100,100,100],"ix":6,"l":2}},"ao":0,"shapes":[{"ty":"gr","it":[{"ind":0,"ty":"sh","ix":1,"ks":{"a":1,"k":[{"i":{"x":0.833,"y":0.833},"o":{"x":0.167,"y":0.167},"t":71,"s":[{"i":[[0,0],[-4.417,11.599],[7.402,13.229],[2.863,-10.491]],"o":[[11.678,-11.132],[4.417,-11.599],[-1.546,12.18],[-2.981,10.922]],"v":[[-8.006,138.225],[11.805,108.652],[7.746,71.902],[-1.927,103.966]],"c":true}]},{"i":{"x":0.833,"y":0.833},"o":{"x":0.167,"y":0.167},"t":76,"s":[{"i":[[0,0],[16.248,17.506],[-3.583,10.466],[-20.115,-38.372]],"o":[[52.95,-31.396],[-21.302,-22.953],[-26.649,40.698],[14.08,26.859]],"v":[[-12.154,94.186],[-2.915,-16.581],[-14.147,-94.186],[-12.943,13.954]],"c":true}]},{"i":{"x":0.667,"y":1},"o":{"x":0.167,"y":0.167},"t":85,"s":[{"i":[[0,0],[-1.177,16.844],[-3.583,10.466],[-1.259,-22.884]],"o":[[-0.675,-19.593],[1.372,-19.631],[-10.682,17.28],[1.298,23.592]],"v":[[-16.154,19.686],[-19.151,-39.751],[-14.147,-94.186],[-30.127,-24.999]],"c":true}]},{"t":105,"s":[{"i":[[0,0],[-1.398,9.75],[-2.182,8.28],[3.347,-15.148]],"o":[[2.575,-8.343],[1.117,-7.79],[-3.682,8.28],[-3.583,16.215]],"v":[[-26.904,-64.563],[-22.97,-92.221],[-14.147,-125.686],[-28.492,-92.434]],"c":true}]}],"ix":2},"nm":"Path 1","mn":"ADBE Vector Shape - Group","hd":false},{"ty":"fl","c":{"a":0,"k":[0.709999952129,0.709999952129,0.709999952129,1],"ix":4},"o":{"a":0,"k":100,"ix":5},"r":1,"bm":0,"nm":"Fill 1","mn":"ADBE Vector Graphic - Fill","hd":false},{"ty":"tr","p":{"a":0,"k":[139.627,94.437],"ix":2},"a":{"a":0,"k":[0,0],"ix":1},"s":{"a":0,"k":[100,100],"ix":3},"r":{"a":0,"k":0,"ix":6},"o":{"a":0,"k":100,"ix":7},"sk":{"a":0,"k":0,"ix":4},"sa":{"a":0,"k":0,"ix":5},"nm":"Transform"}],"nm":"Group 1","np":2,"cix":2,"bm":0,"ix":1,"mn":"ADBE Vector Group","hd":false},{"ty":"gr","it":[{"ind":0,"ty":"sh","ix":1,"ks":{"a":1,"k":[{"i":{"x":0.833,"y":0.833},"o":{"x":0.167,"y":0.167},"t":71,"s":[{"i":[[0,0],[5.878,14.242],[-3.503,7.866],[-9.096,-19.095]],"o":[[-9.743,-3.105],[-5.376,-13.027],[5.497,7.866],[6.367,13.366]],"v":[[31.77,101.918],[4.149,83.118],[3.03,48.86],[20.593,81.041]],"c":true}]},{"i":{"x":0.833,"y":0.833},"o":{"x":0.167,"y":0.167},"t":76,"s":[{"i":[[0,0],[-16.248,17.507],[3.583,10.465],[20.115,-38.372]],"o":[[-52.949,-31.396],[21.303,-22.953],[26.649,40.697],[-14.08,26.859]],"v":[[22.27,74.418],[-8.004,-6.978],[4.03,-74.418],[2.155,6.977]],"c":true}]},{"i":{"x":0.667,"y":1},"o":{"x":0.167,"y":0.167},"t":85,"s":[{"i":[[0,0],[-1.465,15.048],[3.583,10.465],[0.451,-20.466]],"o":[[1.257,-9.558],[1.744,-17.913],[14.497,17.279],[-0.479,21.717]],"v":[[-2.73,-10.582],[-0.217,-46.227],[-6.97,-91.418],[10.075,-44.674]],"c":true}]},{"t":105,"s":[{"i":[[0,0],[-1.465,15.048],[-0.003,10.279],[0.451,-20.466]],"o":[[-1.243,-7.808],[1.744,-17.913],[3.747,15.279],[-0.479,21.717]],"v":[[2.52,-41.581],[3.283,-73.226],[5.03,-108.668],[8.075,-71.674]],"c":true}]}],"ix":2},"nm":"Path 1","mn":"ADBE Vector Shape - Group","hd":false},{"ty":"fl","c":{"a":0,"k":[0.709999952129,0.709999952129,0.709999952129,1],"ix":4},"o":{"a":0,"k":100,"ix":5},"r":1,"bm":0,"nm":"Fill 1","mn":"ADBE Vector Graphic - Fill","hd":false},{"ty":"tr","p":{"a":0,"k":[210.771,74.669],"ix":2},"a":{"a":0,"k":[0,0],"ix":1},"s":{"a":0,"k":[100,100],"ix":3},"r":{"a":0,"k":0,"ix":6},"o":{"a":0,"k":100,"ix":7},"sk":{"a":0,"k":0,"ix":4},"sa":{"a":0,"k":0,"ix":5},"nm":"Transform"}],"nm":"Group 2","np":2,"cix":2,"bm":0,"ix":2,"mn":"ADBE Vector Group","hd":false},{"ty":"gr","it":[{"ind":0,"ty":"sh","ix":1,"ks":{"a":1,"k":[{"i":{"x":0.833,"y":0.833},"o":{"x":0.167,"y":0.167},"t":71,"s":[{"i":[[0,0],[3.753,8.235],[-6.031,8.599],[-4.925,-10.239]],"o":[[-16.531,-6.592],[-5.304,-11.638],[4.159,11.176],[4.645,9.657]],"v":[[21.106,90.79],[-8.991,67.267],[-3.736,38.558],[5.348,66.737]],"c":true}]},{"i":{"x":0.833,"y":0.833},"o":{"x":0.167,"y":0.167},"t":76,"s":[{"i":[[0,0],[-16.247,17.506],[3.583,10.465],[20.115,-38.372]],"o":[[-52.949,-31.395],[21.303,-22.953],[26.649,40.697],[-14.08,26.859]],"v":[[22.606,87.79],[-7.538,-10.186],[3.695,-87.79],[2.49,20.349]],"c":true}]},{"i":{"x":0.667,"y":1},"o":{"x":0.167,"y":0.167},"t":85,"s":[{"i":[[0,0],[-6.757,10.245],[0.01,8.349],[15.739,-31.776]],"o":[[-7.901,-24.732],[13.121,-19.894],[15.51,18.849],[-7.286,14.71]],"v":[[6.106,15.79],[8.462,-30.686],[14.195,-83.79],[18.49,-16.651]],"c":true}]},{"t":105,"s":[{"i":[[0,0],[1.108,5.101],[3.76,6.599],[-3.016,-14.535]],"o":[[-1.151,-6.732],[-2.102,-9.683],[7.51,5.599],[1.191,5.738]],"v":[[15.606,-81.709],[12.557,-101.759],[4.695,-122.79],[18.471,-99.657]],"c":true}]}],"ix":2},"nm":"Path 1","mn":"ADBE Vector Shape - Group","hd":false},{"ty":"fl","c":{"a":0,"k":[0.709999952129,0.709999952129,0.709999952129,1],"ix":4},"o":{"a":0,"k":100,"ix":5},"r":1,"bm":0,"nm":"Fill 1","mn":"ADBE Vector Graphic - Fill","hd":false},{"ty":"tr","p":{"a":0,"k":[30.593,108.972],"ix":2},"a":{"a":0,"k":[0,0],"ix":1},"s":{"a":0,"k":[100,100],"ix":3},"r":{"a":0,"k":0,"ix":6},"o":{"a":0,"k":100,"ix":7},"sk":{"a":0,"k":0,"ix":4},"sa":{"a":0,"k":0,"ix":5},"nm":"Transform"}],"nm":"Group 3","np":2,"cix":2,"bm":0,"ix":3,"mn":"ADBE Vector Group","hd":false}],"ip":71,"op":107,"st":20,"bm":0},{"ddd":0,"ind":2,"ty":4,"nm":"flame 3","parent":5,"sr":1,"ks":{"o":{"a":0,"k":100,"ix":11},"r":{"a":1,"k":[{"i":{"x":[0.5],"y":[1]},"o":{"x":[0.333],"y":[0]},"t":14,"s":[-40]},{"t":25,"s":[0]}],"ix":10},"p":{"s":true,"x":{"a":0,"k":226.122,"ix":3},"y":{"a":1,"k":[{"i":{"x":[0.667],"y":[1]},"o":{"x":[0.167],"y":[0.167]},"t":11,"s":[-19.502]},{"t":18,"s":[-47.502]}],"ix":4}},"a":{"a":0,"k":[46.562,119.658,0],"ix":1,"l":2},"s":{"a":1,"k":[{"i":{"x":[0.667,0.667,0.667],"y":[1,1,1]},"o":{"x":[0.167,0.167,0.167],"y":[0.167,0.167,0]},"t":11,"s":[32,32,100]},{"t":18,"s":[100,100,100]}],"ix":6,"l":2}},"ao":0,"shapes":[{"ty":"gr","it":[{"ty":"gr","it":[{"ind":0,"ty":"sh","ix":1,"ks":{"a":1,"k":[{"i":{"x":0.833,"y":0.833},"o":{"x":0.333,"y":0},"t":-20,"s":[{"i":[[0,0],[9.6,-14.08],[-9.76,-26.479],[-10.08,42.08],[10.08,23.12]],"o":[[0,0],[-9.6,14.081],[11.84,32.08],[6.72,-28.16],[-6.32,-14.56]],"v":[[5.79,-80.76],[-19.01,-28.92],[-35.89,44.84],[38.43,38.68],[20.43,-33.96]],"c":true}]},{"i":{"x":0.667,"y":1},"o":{"x":0.167,"y":0.167},"t":-5,"s":[{"i":[[1.163,0],[4.771,-17.26],[-9.41,-29.559],[-11.64,44.22],[8.759,19.146]],"o":[[-1.684,0],[-4.431,16.029],[10.851,33.92],[5.765,-21.9],[-10.403,-22.74]],"v":[[-2.855,-83.38],[-22.311,-31.62],[-37.394,43.56],[38.195,40.52],[15.863,-29.64]],"c":true}]},{"i":{"x":0.833,"y":0.833},"o":{"x":0.333,"y":0},"t":11,"s":[{"i":[[1.946,-1.274],[-1.32,-21.595],[-9.061,-32.64],[-12.143,46.631],[14.497,8.678]],"o":[[-2.818,1.844],[1.32,21.595],[9.863,35.76],[8.5,-32.64],[-9.966,-6.002]],"v":[[-45.541,-57.223],[-39.321,-13.525],[-38.899,42.28],[38.96,38.36],[1.329,-36.155]],"c":true}]},{"i":{"x":0.667,"y":1},"o":{"x":0.167,"y":0.167},"t":16,"s":[{"i":[[3.56,-2.65],[-4.321,-16.072],[-15.101,-25.527],[-1.369,39.426],[22.642,7.671]],"o":[[-1.71,1.647],[4.321,16.072],[15.101,25.527],[0.915,-26.351],[-38.817,-13.152]],"v":[[-74.035,-30.256],[-42.349,1.857],[-28.986,54.307],[39.675,31.28],[-2.925,-21.538]],"c":true}]},{"i":{"x":0.833,"y":0.833},"o":{"x":0.333,"y":0},"t":23.668,"s":[{"i":[[3.861,1.309],[11.009,-15.646],[-11.52,-25.84],[-1.04,55.76],[8.336,16.968]],"o":[[0,0],[-15.748,22.38],[14.64,32.64],[0.56,-29.28],[-5.684,-11.57]],"v":[[21.885,-82.668],[-17.263,-30.431],[-33.931,49],[40.39,24.2],[23.522,-34.051]],"c":true}]},{"i":{"x":0.667,"y":1},"o":{"x":0.167,"y":0.167},"t":29.668,"s":[{"i":[[3.55,9.82],[9.27,-20.542],[-10.64,-26.159],[-5.56,48.92],[9.6,19.84]],"o":[[0,0],[-9.27,20.542],[13.24,32.36],[3.64,-28.72],[-6.28,-12.92]],"v":[[-8.09,-76.2],[-19.77,-32.24],[-34.91,46.92],[39.41,31.44],[21.73,-31.56]],"c":true}]},{"i":{"x":0.833,"y":0.833},"o":{"x":0.333,"y":0},"t":36.334,"s":[{"i":[[0,0],[9.6,-14.08],[-9.76,-26.479],[-10.08,42.08],[10.08,23.12]],"o":[[0,0],[-9.6,14.081],[11.84,32.08],[6.72,-28.16],[-6.32,-14.56]],"v":[[5.79,-80.76],[-19.01,-28.92],[-35.89,44.84],[38.43,38.68],[20.43,-33.96]],"c":true}]},{"i":{"x":0.667,"y":1},"o":{"x":0.167,"y":0.167},"t":43.334,"s":[{"i":[[1.163,0],[4.771,-17.26],[-9.41,-29.559],[-11.64,44.22],[8.759,19.146]],"o":[[-1.684,0],[-4.431,16.029],[10.851,33.92],[5.765,-21.9],[-10.403,-22.74]],"v":[[-2.855,-83.38],[-22.311,-31.62],[-37.394,43.56],[38.195,40.52],[15.863,-29.64]],"c":true}]},{"i":{"x":0.833,"y":0.833},"o":{"x":0.333,"y":0},"t":50.668,"s":[{"i":[[2.326,0],[6.174,-15.2],[-9.061,-32.64],[-12.143,46.631],[7.377,15.2]],"o":[[-3.368,0],[-6.174,15.2],[9.863,35.76],[8.5,-32.64],[-5.051,-10.48]],"v":[[4.5,-85],[-11.612,-43.32],[-38.899,42.28],[38.96,38.36],[18.297,-43.32]],"c":true}]},{"i":{"x":0.833,"y":0.833},"o":{"x":0.167,"y":0.167},"t":58,"s":[{"i":[[3.123,0.56],[8.207,-15.68],[-10.29,-29.24],[-6.591,51.195],[8.248,15.88]],"o":[[-1.684,0],[-10.407,19.16],[12.251,34.2],[4.53,-30.96],[-5.646,-10.88]],"v":[[2.765,-82.82],[-21.071,-37.94],[-36.415,45.64],[39.675,31.28],[16.663,-37.24]],"c":true}]},{"i":{"x":0.833,"y":0.833},"o":{"x":0.167,"y":0.167},"t":64,"s":[{"i":[[3.92,1.12],[7.541,-17.582],[-11.52,-25.84],[2.4,55.718],[19.07,20.72]],"o":[[0,0],[-5.01,11.68],[14.64,32.64],[-0.93,-21.58],[-19.07,-20.72]],"v":[[-51.47,-71.64],[-27.03,-11.06],[-33.931,49],[38.89,22.7],[11.53,-29.16]],"c":true}]},{"i":{"x":0.833,"y":0.833},"o":{"x":0.167,"y":0.167},"t":66.666,"s":[{"i":[[3.92,1.12],[-7.012,-20.78],[-21.609,-8.88],[15.93,34.08],[19.57,4.72]],"o":[[0,0],[7.99,23.68],[23.21,9.538],[-15.93,-34.08],[-19.57,-4.72]],"v":[[-61.97,-33.14],[-60.03,21.44],[-18.931,63.5],[29.89,22.2],[-35.97,4.84]],"c":true}]},{"t":71,"s":[{"i":[[3.602,1.909],[-2.546,-21.783],[-20.608,-0.662],[14.07,10.92],[27.136,17.885]],"o":[[0,0],[2.901,24.823],[34.891,1.12],[-10.367,-8.046],[-24.183,-15.939]],"v":[[-57.907,3.509],[-67.338,38.803],[-18.931,68],[12.39,37.7],[-49.357,46.559]],"c":true}]}],"ix":2},"nm":"Path 2","mn":"ADBE Vector Shape - Group","hd":false},{"ty":"tr","p":{"a":0,"k":[0,0],"ix":2},"a":{"a":0,"k":[0,0],"ix":1},"s":{"a":0,"k":[100,100],"ix":3},"r":{"a":0,"k":0,"ix":6},"o":{"a":0,"k":100,"ix":7},"sk":{"a":0,"k":0,"ix":4},"sa":{"a":0,"k":0,"ix":5},"nm":"Transform"}],"nm":"Group 1","np":1,"cix":2,"bm":0,"ix":1,"mn":"ADBE Vector Group","hd":false},{"ty":"gf","o":{"a":0,"k":100,"ix":10},"r":1,"bm":0,"g":{"p":3,"k":{"a":0,"k":[0.17,1,0.588,0.086,0.41,1,0.71,0.124,0.65,1,0.831,0.161],"ix":9}},"s":{"a":0,"k":[0,82],"ix":5},"e":{"a":0,"k":[6.5,-66.5],"ix":6},"t":2,"h":{"a":0,"k":0,"ix":7},"a":{"a":0,"k":0,"ix":8},"nm":"Gradient Fill 1","mn":"ADBE Vector Graphic - G-Fill","hd":false},{"ty":"tr","p":{"a":0,"k":[45.65,87.25],"ix":2},"a":{"a":0,"k":[0,0],"ix":1},"s":{"a":0,"k":[100,100],"ix":3},"r":{"a":0,"k":0,"ix":6},"o":{"a":0,"k":100,"ix":7},"sk":{"a":0,"k":0,"ix":4},"sa":{"a":0,"k":0,"ix":5},"nm":"Transform"}],"nm":"Group 1","np":2,"cix":2,"bm":0,"ix":1,"mn":"ADBE Vector Group","hd":false}],"ip":11,"op":71,"st":20,"bm":0},{"ddd":0,"ind":3,"ty":4,"nm":"flame 2","parent":6,"sr":1,"ks":{"o":{"a":0,"k":100,"ix":11},"r":{"a":1,"k":[{"i":{"x":[0.5],"y":[1]},"o":{"x":[0.333],"y":[0]},"t":14,"s":[-40]},{"t":25,"s":[0]}],"ix":10},"p":{"s":true,"x":{"a":0,"k":128.622,"ix":3},"y":{"a":1,"k":[{"i":{"x":[0.667],"y":[1]},"o":{"x":[0.167],"y":[0.167]},"t":11,"s":[20.998]},{"t":18,"s":[-7.002]}],"ix":4}},"a":{"a":0,"k":[46.562,119.658,0],"ix":1,"l":2},"s":{"a":1,"k":[{"i":{"x":[0.667,0.667,0.667],"y":[1,1,1]},"o":{"x":[0.167,0.167,0.167],"y":[0.167,0.167,0]},"t":11,"s":[32,32,100]},{"t":18,"s":[100,100,100]}],"ix":6,"l":2}},"ao":0,"shapes":[{"ty":"gr","it":[{"ty":"gr","it":[{"ind":0,"ty":"sh","ix":1,"ks":{"a":1,"k":[{"i":{"x":0.833,"y":0.833},"o":{"x":0.333,"y":0},"t":11,"s":[{"i":[[0,0],[2.147,-16.906],[-9.76,-26.479],[-10.08,42.08],[19.465,16.039]],"o":[[0,0],[-2.147,16.906],[11.84,32.08],[6.72,-28.16],[-12.25,-10.094]],"v":[[-19.216,-42.521],[-29.039,-0.352],[-35.89,44.84],[38.43,38.68],[3.795,-22.775]],"c":true}]},{"i":{"x":0.667,"y":1},"o":{"x":0.167,"y":0.167},"t":16,"s":[{"i":[[1.492,-1.292],[-3.639,-17.373],[-7.5,-14.888],[-14.361,34.474],[27.924,11.639]],"o":[[-2.16,1.871],[4.687,22.38],[14.842,29.464],[10.442,-25.067],[-34.099,-14.213]],"v":[[-56.936,-32.87],[-35.009,8.683],[-35.537,49.131],[33.862,49.187],[-1.453,-19.239]],"c":true}]},{"i":{"x":0.833,"y":0.833},"o":{"x":0.333,"y":0},"t":21.668,"s":[{"i":[[2.3,0.343],[8.349,-14.122],[-9.061,-32.64],[-12.143,46.631],[5.053,16.122]],"o":[[-3.331,-0.497],[-8.349,14.122],[9.863,35.76],[8.5,-32.64],[-3.449,-11.111]],"v":[[19.762,-81.563],[-9.543,-41.772],[-38.899,42.28],[38.96,38.36],[20.038,-37.358]],"c":true}]},{"i":{"x":0.667,"y":1},"o":{"x":0.167,"y":0.167},"t":29.668,"s":[{"i":[[3.123,0.56],[6.469,-25.742],[-10.29,-29.24],[-6.591,51.195],[8.248,15.88]],"o":[[-1.684,0],[-6.469,25.742],[12.251,34.2],[4.53,-30.96],[-5.646,-10.88]],"v":[[-16.235,-83.82],[-23.071,-32.94],[-36.415,45.64],[39.675,31.28],[16.663,-37.24]],"c":true}]},{"i":{"x":0.833,"y":0.833},"o":{"x":0.333,"y":0},"t":36.334,"s":[{"i":[[3.92,1.12],[10.24,-16.16],[-11.52,-25.84],[-1.04,55.76],[9.12,16.56]],"o":[[0,0],[-14.64,23.12],[14.64,32.64],[0.56,-29.28],[-6.24,-11.28]],"v":[[-2.97,-85.64],[-21.53,-31.56],[-33.931,49],[40.39,24.2],[19.03,-37.16]],"c":true}]},{"i":{"x":0.667,"y":1},"o":{"x":0.167,"y":0.167},"t":43.334,"s":[{"i":[[3.55,9.82],[9.92,-15.12],[-10.64,-26.159],[-5.56,48.92],[9.6,19.84]],"o":[[0,0],[-12.12,18.6],[13.24,32.36],[3.64,-28.72],[-6.28,-12.92]],"v":[[1.91,-77.2],[-19.77,-32.24],[-34.91,46.92],[39.41,31.44],[21.73,-31.56]],"c":true}]},{"i":{"x":0.833,"y":0.833},"o":{"x":0.333,"y":0},"t":50.668,"s":[{"i":[[0,0],[9.6,-14.08],[-9.76,-26.479],[-10.08,42.08],[10.08,23.12]],"o":[[0,0],[-9.6,14.081],[11.84,32.08],[6.72,-28.16],[-6.32,-14.56]],"v":[[5.79,-80.76],[-19.01,-28.92],[-35.89,44.84],[38.43,38.68],[20.43,-33.96]],"c":true}]},{"i":{"x":0.833,"y":0.833},"o":{"x":0.167,"y":0.167},"t":58,"s":[{"i":[[1.163,0],[4.771,-17.26],[-9.41,-29.559],[-11.64,44.22],[8.759,19.146]],"o":[[-1.684,0],[-4.431,16.029],[10.851,33.92],[5.765,-21.9],[-10.403,-22.74]],"v":[[-2.855,-83.38],[-22.311,-31.62],[-37.394,43.56],[38.195,40.52],[15.863,-29.64]],"c":true}]},{"i":{"x":0.833,"y":0.833},"o":{"x":0.167,"y":0.167},"t":64,"s":[{"i":[[2.326,0],[3.572,-26.56],[-9.061,-32.64],[-9.363,47.268],[15.337,26.56]],"o":[[-3.368,0],[-3.365,25.022],[9.863,35.76],[5,-25.24],[-15.337,-26.56]],"v":[[-20.5,-74],[-17.612,-24.32],[-38.899,42.28],[38.96,38.36],[17.297,-34.82]],"c":true}]},{"i":{"x":0.833,"y":0.833},"o":{"x":0.167,"y":0.167},"t":68,"s":[{"i":[[2.326,0],[-1.11,-21.157],[-30.641,-7.66],[-2.497,22.608],[16.663,11.44]],"o":[[-3.368,0],[1.072,20.44],[22.442,5.61],[4.5,-40.74],[-25.285,-17.359]],"v":[[-26,-49.5],[-53.112,-1.32],[-15.399,59.78],[37.96,33.86],[-18.203,-8.32]],"c":true}]},{"t":72,"s":[{"i":[[3.602,1.909],[-2.546,-21.783],[-24.109,-0.38],[15.805,21.087],[27.136,17.885]],"o":[[0,0],[2.901,24.823],[25.091,0.395],[-7.93,-10.58],[-24.183,-15.939]],"v":[[-57.407,12.509],[-67.338,38.803],[-18.931,68],[13.89,35.7],[-51.857,45.059]],"c":true}]}],"ix":2},"nm":"Path 2","mn":"ADBE Vector Shape - Group","hd":false},{"ty":"tr","p":{"a":0,"k":[0,0],"ix":2},"a":{"a":0,"k":[0,0],"ix":1},"s":{"a":0,"k":[100,100],"ix":3},"r":{"a":0,"k":0,"ix":6},"o":{"a":0,"k":100,"ix":7},"sk":{"a":0,"k":0,"ix":4},"sa":{"a":0,"k":0,"ix":5},"nm":"Transform"}],"nm":"Group 1","np":1,"cix":2,"bm":0,"ix":1,"mn":"ADBE Vector Group","hd":false},{"ty":"gf","o":{"a":0,"k":100,"ix":10},"r":1,"bm":0,"g":{"p":3,"k":{"a":0,"k":[0.17,1,0.588,0.086,0.41,1,0.71,0.124,0.65,1,0.831,0.161],"ix":9}},"s":{"a":0,"k":[0,82],"ix":5},"e":{"a":0,"k":[6.5,-66.5],"ix":6},"t":2,"h":{"a":0,"k":0,"ix":7},"a":{"a":0,"k":0,"ix":8},"nm":"Gradient Fill 1","mn":"ADBE Vector Graphic - G-Fill","hd":false},{"ty":"tr","p":{"a":0,"k":[45.65,87.25],"ix":2},"a":{"a":0,"k":[0,0],"ix":1},"s":{"a":0,"k":[100,100],"ix":3},"r":{"a":0,"k":0,"ix":6},"o":{"a":0,"k":100,"ix":7},"sk":{"a":0,"k":0,"ix":4},"sa":{"a":0,"k":0,"ix":5},"nm":"Transform"}],"nm":"Group 1","np":2,"cix":2,"bm":0,"ix":1,"mn":"ADBE Vector Group","hd":false}],"ip":11,"op":71,"st":20,"bm":0},{"ddd":0,"ind":4,"ty":4,"nm":"flame 1","parent":7,"sr":1,"ks":{"o":{"a":0,"k":100,"ix":11},"r":{"a":1,"k":[{"i":{"x":[0.5],"y":[1]},"o":{"x":[0.333],"y":[0]},"t":14,"s":[-40]},{"t":25,"s":[0]}],"ix":10},"p":{"s":true,"x":{"a":0,"k":31.122,"ix":3},"y":{"a":1,"k":[{"i":{"x":[0.667],"y":[1]},"o":{"x":[0.167],"y":[0.167]},"t":11,"s":[-18.502]},{"t":18,"s":[-46.502]}],"ix":4}},"a":{"a":0,"k":[46.562,119.658,0],"ix":1,"l":2},"s":{"a":1,"k":[{"i":{"x":[0.667,0.667,0.667],"y":[1,1,1]},"o":{"x":[0.167,0.167,0.167],"y":[0.167,0.167,0]},"t":11,"s":[32,32,100]},{"t":18,"s":[100,100,100]}],"ix":6,"l":2}},"ao":0,"shapes":[{"ty":"gr","it":[{"ty":"gr","it":[{"ind":0,"ty":"sh","ix":1,"ks":{"a":1,"k":[{"i":{"x":0.833,"y":0.833},"o":{"x":0.333,"y":0},"t":11,"s":[{"i":[[3.903,-1.227],[6.875,-14.974],[-4.571,-24.835],[-12.143,46.631],[12.541,14.56]],"o":[[-5.652,1.777],[-6.875,14.974],[9.863,35.76],[8.5,-32.64],[-12.541,-14.56]],"v":[[-19.475,-54.064],[-28.782,-6.905],[-38.899,42.28],[38.96,38.36],[21.415,-22.682]],"c":true}]},{"i":{"x":0.833,"y":1},"o":{"x":0.167,"y":0.167},"t":16,"s":[{"i":[[7.728,-5.774],[-6.496,-18.544],[-8.056,-15.886],[-11.704,25.891],[33.097,11.357]],"o":[[0,0],[8.023,22.902],[16.691,32.913],[11.704,-25.891],[-34.377,-11.796]],"v":[[-64.327,-23.343],[-38.341,7.998],[-31.815,52.491],[37.553,48.773],[5.016,-17.941]],"c":true}]},{"i":{"x":0.833,"y":0.833},"o":{"x":0.333,"y":0},"t":25.668,"s":[{"i":[[0,0],[11.338,-12.722],[-9.76,-26.479],[-10.08,42.08],[6.97,24.24]],"o":[[0,0],[-11.339,12.723],[11.84,32.08],[6.72,-28.16],[-4.386,-15.254]],"v":[[27.272,-77.933],[-11.088,-29.644],[-35.89,44.84],[38.43,38.68],[28.673,-29.547]],"c":true}]},{"i":{"x":0.667,"y":1},"o":{"x":0.167,"y":0.167},"t":29.668,"s":[{"i":[[1.163,0],[7.729,-23.922],[-9.41,-29.559],[-11.64,44.22],[8.759,19.146]],"o":[[-1.684,0],[-7.729,23.922],[10.851,33.92],[5.765,-21.9],[-10.403,-22.74]],"v":[[-2.855,-83.38],[-27.311,-28.62],[-37.394,43.56],[38.195,40.52],[15.863,-29.64]],"c":true}]},{"i":{"x":0.833,"y":0.833},"o":{"x":0.333,"y":0},"t":36.334,"s":[{"i":[[2.326,0],[6.174,-15.2],[-9.061,-32.64],[-12.143,46.631],[7.377,15.2]],"o":[[-3.368,0],[-6.174,15.2],[9.863,35.76],[8.5,-32.64],[-5.051,-10.48]],"v":[[4.5,-85],[-11.612,-43.32],[-38.899,42.28],[38.96,38.36],[18.297,-43.32]],"c":true}]},{"i":{"x":0.667,"y":1},"o":{"x":0.167,"y":0.167},"t":43.334,"s":[{"i":[[3.123,0.56],[8.207,-15.68],[-10.29,-29.24],[-6.591,51.195],[8.248,15.88]],"o":[[-1.684,0],[-10.407,19.16],[12.251,34.2],[4.53,-30.96],[-5.646,-10.88]],"v":[[2.765,-82.82],[-21.071,-37.94],[-36.415,45.64],[39.675,31.28],[16.663,-37.24]],"c":true}]},{"i":{"x":0.833,"y":0.833},"o":{"x":0.333,"y":0},"t":50.668,"s":[{"i":[[3.92,1.12],[10.24,-16.16],[-11.52,-25.84],[-1.04,55.76],[9.12,16.56]],"o":[[0,0],[-14.64,23.12],[14.64,32.64],[0.56,-29.28],[-6.24,-11.28]],"v":[[-2.97,-85.64],[-21.53,-31.56],[-33.931,49],[40.39,24.2],[19.03,-37.16]],"c":true}]},{"i":{"x":0.833,"y":0.833},"o":{"x":0.167,"y":0.167},"t":58,"s":[{"i":[[3.55,9.82],[9.92,-15.12],[-10.64,-26.159],[-5.56,48.92],[9.6,19.84]],"o":[[0,0],[-12.12,18.6],[13.24,32.36],[3.64,-28.72],[-6.28,-12.92]],"v":[[1.91,-77.2],[-19.77,-32.24],[-34.91,46.92],[39.41,31.44],[21.73,-31.56]],"c":true}]},{"i":{"x":0.833,"y":0.833},"o":{"x":0.167,"y":0.167},"t":64,"s":[{"i":[[0,0],[0.03,-23.04],[-9.76,-26.479],[-8.682,42.391],[14.53,19.08]],"o":[[0,0],[-0.03,23.04],[11.84,32.08],[5.03,-24.56],[-17.985,-23.617]],"v":[[-49.21,-68.26],[-28.51,-7.92],[-35.89,44.84],[38.43,38.68],[13.93,-25.46]],"c":true}]},{"i":{"x":0.833,"y":0.833},"o":{"x":0.167,"y":0.167},"t":66.666,"s":[{"i":[[0,0],[-6.97,-20.54],[-20.85,-12.28],[2.97,38.56],[14.53,19.08]],"o":[[0,0],[6.97,20.54],[20.85,12.28],[-2.97,-38.56],[-17.985,-23.617]],"v":[[-38.71,-41.26],[-58.51,17.08],[-19.39,62.34],[38.43,38.68],[-30.07,0.54]],"c":true}]},{"t":71,"s":[{"i":[[3.602,1.909],[-1.702,-12.683],[-20.609,1.12],[13.07,17.42],[25.641,19.968]],"o":[[0,0],[3.323,24.77],[25.057,-1.362],[-8.573,-11.426],[-19.183,-14.939]],"v":[[-60.907,19.009],[-66.338,42.803],[-18.931,68],[18.39,36.7],[-52.857,48.559]],"c":true}]}],"ix":2},"nm":"Path 2","mn":"ADBE Vector Shape - Group","hd":false},{"ty":"tr","p":{"a":0,"k":[0,0],"ix":2},"a":{"a":0,"k":[0,0],"ix":1},"s":{"a":0,"k":[100,100],"ix":3},"r":{"a":0,"k":0,"ix":6},"o":{"a":0,"k":100,"ix":7},"sk":{"a":0,"k":0,"ix":4},"sa":{"a":0,"k":0,"ix":5},"nm":"Transform"}],"nm":"Group 1","np":1,"cix":2,"bm":0,"ix":1,"mn":"ADBE Vector Group","hd":false},{"ty":"gf","o":{"a":0,"k":100,"ix":10},"r":1,"bm":0,"g":{"p":3,"k":{"a":0,"k":[0.17,1,0.588,0.086,0.41,1,0.71,0.124,0.65,1,0.831,0.161],"ix":9}},"s":{"a":0,"k":[0,82],"ix":5},"e":{"a":0,"k":[6.5,-66.5],"ix":6},"t":2,"h":{"a":0,"k":0,"ix":7},"a":{"a":0,"k":0,"ix":8},"nm":"Gradient Fill 1","mn":"ADBE Vector Graphic - G-Fill","hd":false},{"ty":"tr","p":{"a":0,"k":[45.65,87.25],"ix":2},"a":{"a":0,"k":[0,0],"ix":1},"s":{"a":0,"k":[100,100],"ix":3},"r":{"a":0,"k":0,"ix":6},"o":{"a":0,"k":100,"ix":7},"sk":{"a":0,"k":0,"ix":4},"sa":{"a":0,"k":0,"ix":5},"nm":"Transform"}],"nm":"Group 1","np":2,"cix":2,"bm":0,"ix":1,"mn":"ADBE Vector Group","hd":false}],"ip":11,"op":71,"st":20,"bm":0},{"ddd":0,"ind":5,"ty":4,"nm":"candle 3","parent":30,"sr":1,"ks":{"o":{"a":0,"k":100,"ix":11},"r":{"a":1,"k":[{"i":{"x":[0.667],"y":[1]},"o":{"x":[0.167],"y":[0.167]},"t":11,"s":[0]},{"i":{"x":[0.667],"y":[1]},"o":{"x":[0.333],"y":[0]},"t":15,"s":[-3]},{"i":{"x":[0.833],"y":[0.833]},"o":{"x":[0.333],"y":[0]},"t":25,"s":[2]},{"i":{"x":[0.667],"y":[1]},"o":{"x":[0.167],"y":[0.167]},"t":34.818,"s":[0]},{"i":{"x":[0.667],"y":[1]},"o":{"x":[0.333],"y":[0]},"t":45,"s":[-1]},{"t":57,"s":[0]}],"ix":10},"p":{"a":0,"k":[482.453,74.823,0],"ix":2,"l":2},"a":{"a":0,"k":[223.413,209.934,0],"ix":1,"l":2},"s":{"a":0,"k":[100,100,100],"ix":6,"l":2}},"ao":0,"shapes":[{"ty":"gr","it":[{"ind":0,"ty":"sh","ix":1,"ks":{"a":1,"k":[{"i":{"x":0.833,"y":0.833},"o":{"x":0.167,"y":0.167},"t":11,"s":[{"i":[[-2.8,3.92],[-4.72,-1.2],[2.8,-1.68],[18,0],[3.36,2.32]],"o":[[2.8,-3.92],[2.24,0.56],[-2.4,1.44],[-18,0],[-3.36,-2.24]],"v":[[-28.44,-105.6],[31.8,-103.92],[30.68,-70.64],[0.84,-60.48],[-30.68,-68.96]],"c":true}]},{"i":{"x":0.667,"y":1},"o":{"x":0.167,"y":0.167},"t":14.199,"s":[{"i":[[-2.8,3.92],[-4.72,-1.2],[2.8,-1.68],[18,0],[3.36,2.32]],"o":[[2.8,-3.92],[2.24,0.56],[-2.4,1.44],[-18,0],[-3.36,-2.24]],"v":[[-28.44,-105.6],[31.8,-103.92],[30.68,69.36],[0.84,79.52],[-30.68,71.04]],"c":true}]},{"t":15.80078125,"s":[{"i":[[-2.8,3.92],[-4.72,-1.2],[2.8,-1.68],[18,0],[3.36,2.32]],"o":[[2.8,-3.92],[2.24,0.56],[-2.4,1.44],[-18,0],[-3.36,-2.24]],"v":[[-28.44,-105.6],[31.8,-103.92],[30.68,99.36],[0.84,109.52],[-30.68,101.04]],"c":true}]}],"ix":2},"nm":"Path 1","mn":"ADBE Vector Shape - Group","hd":false},{"ty":"fl","c":{"a":0,"k":[0.995999983245,0.658999992819,0.658999992819,1],"ix":4},"o":{"a":0,"k":100,"ix":5},"r":1,"bm":0,"nm":"Fill 1","mn":"ADBE Vector Graphic - Fill","hd":false},{"ty":"tr","p":{"a":0,"k":[222.93,109.77],"ix":2},"a":{"a":0,"k":[0,0],"ix":1},"s":{"a":0,"k":[100,100],"ix":3},"r":{"a":0,"k":0,"ix":6},"o":{"a":0,"k":100,"ix":7},"sk":{"a":0,"k":0,"ix":4},"sa":{"a":0,"k":0,"ix":5},"nm":"Transform"}],"nm":"Group 3","np":2,"cix":2,"bm":0,"ix":1,"mn":"ADBE Vector Group","hd":false}],"ip":11,"op":121,"st":20,"bm":0},{"ddd":0,"ind":6,"ty":4,"nm":"candle 2","parent":30,"sr":1,"ks":{"o":{"a":0,"k":100,"ix":11},"r":{"a":1,"k":[{"i":{"x":[0.667],"y":[1]},"o":{"x":[0.167],"y":[0.167]},"t":11,"s":[0]},{"i":{"x":[0.667],"y":[1]},"o":{"x":[0.333],"y":[0]},"t":15,"s":[8]},{"i":{"x":[0.833],"y":[0.833]},"o":{"x":[0.333],"y":[0]},"t":25,"s":[-2]},{"i":{"x":[0.667],"y":[1]},"o":{"x":[0.167],"y":[0.167]},"t":34.818,"s":[0]},{"i":{"x":[0.667],"y":[1]},"o":{"x":[0.333],"y":[0]},"t":45,"s":[1]},{"t":57,"s":[0]}],"ix":10},"p":{"a":0,"k":[389.96,119.102,0],"ix":2,"l":2},"a":{"a":0,"k":[130.92,254.213,0],"ix":1,"l":2},"s":{"a":0,"k":[100,100,100],"ix":6,"l":2}},"ao":0,"shapes":[{"ty":"gr","it":[{"ind":0,"ty":"sh","ix":1,"ks":{"a":1,"k":[{"i":{"x":0.833,"y":0.833},"o":{"x":0.167,"y":0.167},"t":11,"s":[{"i":[[3.36,-2.88],[-1.68,-1.68],[-21.92,0.56],[-1.68,1.68],[1.68,1.12]],"o":[[-2.16,1.84],[1.68,1.68],[22,-0.56],[1.68,-1.68],[-1.68,-1.2]],"v":[[-33.2,-103.32],[-34.32,-55.64],[0.56,-44.36],[34.32,-54.52],[33.76,-104.44]],"c":true}]},{"i":{"x":0.667,"y":1},"o":{"x":0.167,"y":0.167},"t":14.199,"s":[{"i":[[3.36,-2.88],[-1.68,-1.68],[-21.92,0.56],[-1.68,1.68],[1.68,1.12]],"o":[[-2.16,1.84],[1.68,1.68],[22,-0.56],[1.68,-1.68],[-1.68,-1.2]],"v":[[-33.2,-103.32],[-34.32,64.36],[0.56,75.64],[34.32,65.48],[33.76,-104.44]],"c":true}]},{"t":15.80078125,"s":[{"i":[[3.36,-2.88],[-1.68,-1.68],[-21.92,0.56],[-1.68,1.68],[1.68,1.12]],"o":[[-2.16,1.84],[1.68,1.68],[22,-0.56],[1.68,-1.68],[-1.68,-1.2]],"v":[[-33.2,-103.32],[-34.32,94.36],[0.56,105.64],[34.32,95.48],[33.76,-104.44]],"c":true}]}],"ix":2},"nm":"Path 1","mn":"ADBE Vector Shape - Group","hd":false},{"ty":"fl","c":{"a":0,"k":[0.925,0.497999991623,0.681999954523,1],"ix":4},"o":{"a":0,"k":100,"ix":5},"r":1,"bm":0,"nm":"Fill 1","mn":"ADBE Vector Graphic - Fill","hd":false},{"ty":"tr","p":{"a":0,"k":[130.89,157.09],"ix":2},"a":{"a":0,"k":[0,0],"ix":1},"s":{"a":0,"k":[100,100],"ix":3},"r":{"a":0,"k":0,"ix":6},"o":{"a":0,"k":100,"ix":7},"sk":{"a":0,"k":0,"ix":4},"sa":{"a":0,"k":0,"ix":5},"nm":"Transform"}],"nm":"Group 2","np":2,"cix":2,"bm":0,"ix":1,"mn":"ADBE Vector Group","hd":false}],"ip":11,"op":107,"st":20,"bm":0},{"ddd":0,"ind":7,"ty":4,"nm":"candle 1","parent":30,"sr":1,"ks":{"o":{"a":0,"k":100,"ix":11},"r":{"a":1,"k":[{"i":{"x":[0.667],"y":[1]},"o":{"x":[0.167],"y":[0.167]},"t":11,"s":[0]},{"i":{"x":[0.667],"y":[1]},"o":{"x":[0.333],"y":[0]},"t":15,"s":[4]},{"i":{"x":[0.833],"y":[0.833]},"o":{"x":[0.333],"y":[0]},"t":25,"s":[-2]},{"i":{"x":[0.667],"y":[1]},"o":{"x":[0.167],"y":[0.167]},"t":34.818,"s":[0]},{"i":{"x":[0.667],"y":[1]},"o":{"x":[0.333],"y":[0]},"t":45,"s":[1]},{"t":57,"s":[0]}],"ix":10},"p":{"a":0,"k":[292.567,76.182,0],"ix":2,"l":2},"a":{"a":0,"k":[33.527,211.293,0],"ix":1,"l":2},"s":{"a":0,"k":[100,100,100],"ix":6,"l":2}},"ao":0,"shapes":[{"ty":"gr","it":[{"ind":0,"ty":"sh","ix":1,"ks":{"a":1,"k":[{"i":{"x":0.833,"y":0.833},"o":{"x":0.167,"y":0.167},"t":11,"s":[{"i":[[2.8,-1.68],[-1.12,-1.68],[-15.2,0],[-1.68,1.68],[1.68,2.24]],"o":[[-2.72,1.6],[1.12,1.68],[15.2,0],[1.68,-1.68],[-1.68,-2.24]],"v":[[-30.68,-102.84],[-32.36,-52.36],[0.28,-45],[31.8,-50.04],[30.68,-102.76]],"c":true}]},{"i":{"x":0.667,"y":1},"o":{"x":0.167,"y":0.167},"t":14.199,"s":[{"i":[[2.8,-1.68],[-1.12,-1.68],[-15.2,0],[-1.68,1.68],[1.68,2.24]],"o":[[-2.72,1.6],[1.12,1.68],[15.2,0],[1.68,-1.68],[-1.68,-2.24]],"v":[[-30.68,-102.84],[-32.36,67.64],[0.28,75],[31.8,69.96],[30.68,-102.76]],"c":true}]},{"t":15.80078125,"s":[{"i":[[2.8,-1.68],[-1.12,-1.68],[-15.2,0],[-1.68,1.68],[1.68,2.24]],"o":[[-2.72,1.6],[1.12,1.68],[15.2,0],[1.68,-1.68],[-1.68,-2.24]],"v":[[-30.68,-102.84],[-32.36,97.64],[0.28,105],[31.8,99.96],[30.68,-102.76]],"c":true}]}],"ix":2},"nm":"Path 1","mn":"ADBE Vector Shape - Group","hd":false},{"ty":"fl","c":{"a":0,"k":[0.57599995931,0.779999976065,0.933000033509,1],"ix":4},"o":{"a":0,"k":100,"ix":5},"r":1,"bm":0,"nm":"Fill 1","mn":"ADBE Vector Graphic - Fill","hd":false},{"ty":"tr","p":{"a":0,"k":[33.73,114.93],"ix":2},"a":{"a":0,"k":[0,0],"ix":1},"s":{"a":0,"k":[100,100],"ix":3},"r":{"a":0,"k":0,"ix":6},"o":{"a":0,"k":100,"ix":7},"sk":{"a":0,"k":0,"ix":4},"sa":{"a":0,"k":0,"ix":5},"nm":"Transform"}],"nm":"Group 1","np":2,"cix":2,"bm":0,"ix":1,"mn":"ADBE Vector Group","hd":false}],"ip":11,"op":136,"st":20,"bm":0},{"ddd":0,"ind":8,"ty":4,"nm":"glow ","parent":30,"sr":1,"ks":{"o":{"a":1,"k":[{"i":{"x":[0.667],"y":[1]},"o":{"x":[0.167],"y":[0.167]},"t":11,"s":[0]},{"i":{"x":[0.755],"y":[19.221]},"o":{"x":[0.312],"y":[0]},"t":15.801,"s":[100]},{"i":{"x":[0.833],"y":[0.833]},"o":{"x":[0.403],"y":[0.044]},"t":64,"s":[100]},{"t":71,"s":[0]}],"ix":11},"r":{"a":0,"k":0,"ix":10},"p":{"a":0,"k":[389.49,-169.621,0],"ix":2,"l":2},"a":{"a":0,"k":[316.37,208.45,0],"ix":1,"l":2},"s":{"a":0,"k":[100,62,100],"ix":6,"l":2}},"ao":0,"shapes":[{"ty":"gr","it":[{"ind":0,"ty":"sh","ix":1,"ks":{"a":0,"k":{"i":[[0,-182.547],[-180.111,0],[0,182.545],[180.007,0]],"o":[[0,182.544],[180.111,0],[0,-182.545],[-180.007,0]],"v":[[-309.84,-314.372],[5.889,18],[322.4,-304.545],[2.567,-621.44]],"c":true},"ix":2},"nm":"Path 2","mn":"ADBE Vector Shape - Group","hd":false},{"ty":"gf","o":{"a":0,"k":100,"ix":10},"r":1,"bm":0,"g":{"p":3,"k":{"a":0,"k":[0,1,0.886,0.396,0.332,1,0.886,0.396,1,1,0.886,0.396,0,0.7,0.294,0.35,1,0],"ix":9}},"s":{"a":0,"k":[4,-282],"ix":5},"e":{"a":0,"k":[100,0],"ix":6},"t":2,"h":{"a":0,"k":0,"ix":7},"a":{"a":0,"k":0,"ix":8},"nm":"Gradient Fill 1","mn":"ADBE Vector Graphic - G-Fill","hd":false},{"ty":"tr","p":{"a":0,"k":[310.09,510.17],"ix":2},"a":{"a":0,"k":[0,0],"ix":1},"s":{"a":0,"k":[100,100],"ix":3},"r":{"a":0,"k":0,"ix":6},"o":{"a":0,"k":100,"ix":7},"sk":{"a":0,"k":0,"ix":4},"sa":{"a":0,"k":0,"ix":5},"nm":"Transform"}],"nm":"Group 1","np":2,"cix":2,"bm":0,"ix":1,"mn":"ADBE Vector Group","hd":false}],"ip":11,"op":71,"st":20,"bm":0},{"ddd":0,"ind":9,"ty":3,"nm":"Null berrys","parent":30,"sr":1,"ks":{"o":{"a":0,"k":0,"ix":11},"r":{"a":0,"k":0,"ix":10},"p":{"s":true,"x":{"a":0,"k":383.21,"ix":3},"y":{"a":1,"k":[{"i":{"x":[0.833],"y":[0.833]},"o":{"x":[0.167],"y":[0.167]},"t":11,"s":[-1.901]},{"t":16,"s":[78.099]}],"ix":4}},"a":{"a":0,"k":[0,0,0],"ix":1,"l":2},"s":{"a":0,"k":[100,100,100],"ix":6,"l":2}},"ao":0,"ip":11,"op":158,"st":0,"bm":0},{"ddd":0,"ind":10,"ty":3,"nm":"Null berry masks","parent":9,"sr":1,"ks":{"o":{"a":0,"k":0,"ix":11},"r":{"a":0,"k":0,"ix":10},"p":{"s":true,"x":{"a":0,"k":0,"ix":3},"y":{"a":1,"k":[{"i":{"x":[0.833],"y":[0.833]},"o":{"x":[0.167],"y":[0.167]},"t":11,"s":[-154]},{"i":{"x":[0.833],"y":[0.833]},"o":{"x":[0.167],"y":[0.167]},"t":14,"s":[0]},{"t":19,"s":[0]}],"ix":4}},"a":{"a":0,"k":[0,0,0],"ix":1,"l":2},"s":{"a":0,"k":[100,100,100],"ix":6,"l":2}},"ao":0,"ip":11,"op":158,"st":0,"bm":0},{"ddd":0,"ind":11,"ty":4,"nm":"berry mask 7","parent":10,"td":1,"sr":1,"ks":{"o":{"a":0,"k":100,"ix":11},"r":{"a":0,"k":0,"ix":10},"p":{"a":0,"k":[-151.364,-86.645,0],"ix":2,"l":2},"a":{"a":0,"k":[170.381,-147.005,0],"ix":1,"l":2},"s":{"a":0,"k":[100,100,100],"ix":6,"l":2}},"ao":0,"shapes":[{"ty":"gr","it":[{"ind":0,"ty":"sh","ix":1,"ks":{"a":0,"k":{"i":[[72.744,2.641],[-3,-26],[-55,0],[-1,25]],"o":[[-85.232,-3.094],[3,26],[55,0],[1,-25]],"v":[[174,-349],[100,-114],[175,-69],[241,-113]],"c":true},"ix":2},"nm":"Path 1","mn":"ADBE Vector Shape - Group","hd":false},{"ty":"fl","c":{"a":0,"k":[0.5,0.5,0.5,1],"ix":4},"o":{"a":0,"k":100,"ix":5},"r":1,"bm":0,"nm":"Fill 1","mn":"ADBE Vector Graphic - Fill","hd":false},{"ty":"tr","p":{"a":0,"k":[0,0],"ix":2},"a":{"a":0,"k":[0,0],"ix":1},"s":{"a":0,"k":[100,100],"ix":3},"r":{"a":0,"k":0,"ix":6},"o":{"a":0,"k":100,"ix":7},"sk":{"a":0,"k":0,"ix":4},"sa":{"a":0,"k":0,"ix":5},"nm":"Transform"}],"nm":"Shape 1","np":3,"cix":2,"bm":0,"ix":1,"mn":"ADBE Vector Group","hd":false}],"ip":11,"op":158,"st":0,"bm":0},{"ddd":0,"ind":12,"ty":4,"nm":"Berry 1","parent":9,"tt":1,"sr":1,"ks":{"o":{"a":0,"k":100,"ix":11},"r":{"a":1,"k":[{"i":{"x":[0.833],"y":[0.833]},"o":{"x":[0.167],"y":[0.167]},"t":11,"s":[0]},{"i":{"x":[0.667],"y":[1]},"o":{"x":[0.167],"y":[0]},"t":33,"s":[0]},{"t":47,"s":[0]}],"ix":10},"p":{"s":true,"x":{"a":0,"k":-151.364,"ix":3},"y":{"a":1,"k":[{"i":{"x":[0.833],"y":[0.833]},"o":{"x":[0.167],"y":[0.167]},"t":11,"s":[-86.645]},{"i":{"x":[0.833],"y":[0.833]},"o":{"x":[0.167],"y":[0.167]},"t":25,"s":[-106.645]},{"i":{"x":[0.667],"y":[1]},"o":{"x":[0.167],"y":[0.167]},"t":33,"s":[-82.645]},{"t":47,"s":[-86.645]}],"ix":4}},"a":{"a":0,"k":[181.526,68.485,0],"ix":1,"l":2},"s":{"a":1,"k":[{"i":{"x":[0.667,0.667,0.667],"y":[1,1,1]},"o":{"x":[0.167,0.167,0.167],"y":[0.167,0.167,0]},"t":31,"s":[100,100,100]},{"i":{"x":[0.667,0.667,0.667],"y":[1,1,1]},"o":{"x":[0.333,0.333,0.333],"y":[0,0,0]},"t":33,"s":[107,90,100]},{"t":47,"s":[100,100,100]}],"ix":6,"l":2}},"ao":0,"shapes":[{"ty":"gr","it":[{"ty":"gr","it":[{"ind":0,"ty":"sh","ix":1,"ks":{"a":0,"k":{"i":[[9.52,-0.48],[9.28,-30.4],[1.36,-18.16],[0,0],[-10.16,20.32],[-3.28,9.2],[0,0]],"o":[[-10.88,0.64],[-5.04,16.64],[-1.36,18.24],[0,0],[9.76,-19.44],[3.28,-9.28],[0,0]],"v":[[18.2,-58.6],[-12.28,-23],[-32.92,31.08],[-30.2,54.04],[6.04,38.76],[16.04,-9.72],[34.28,-52.68]],"c":true},"ix":2},"nm":"Path 1","mn":"ADBE Vector Shape - Group","hd":false},{"ty":"fl","c":{"a":0,"k":[0.991999966491,0.435000011968,0.258999992819,1],"ix":4},"o":{"a":0,"k":100,"ix":5},"r":1,"bm":0,"nm":"Fill 1","mn":"ADBE Vector Graphic - Fill","hd":false},{"ty":"tr","p":{"a":0,"k":[162.77,59.33],"ix":2},"a":{"a":0,"k":[0,0],"ix":1},"s":{"a":0,"k":[100,100],"ix":3},"r":{"a":0,"k":0,"ix":6},"o":{"a":0,"k":100,"ix":7},"sk":{"a":0,"k":0,"ix":4},"sa":{"a":0,"k":0,"ix":5},"nm":"Transform"}],"nm":"Group 5","np":2,"cix":2,"bm":0,"ix":1,"mn":"ADBE Vector Group","hd":false},{"ty":"gr","it":[{"ind":0,"ty":"sh","ix":1,"ks":{"a":0,"k":{"i":[[14.64,5.44],[0,0],[-21.44,-6.08],[-14.08,10.88],[6.48,27.76]],"o":[[0,0],[0,0],[21.04,6],[14.16,-10.88],[-4.4,-18.96]],"v":[[9.8,-66.64],[-52.36,40.64],[-28.2,60.64],[34.44,54.64],[45.88,-7.92]],"c":true},"ix":2},"nm":"Path 1","mn":"ADBE Vector Shape - Group","hd":false},{"ty":"fl","c":{"a":0,"k":[0.933000033509,0.356999984442,0.289999988032,1],"ix":4},"o":{"a":0,"k":100,"ix":5},"r":1,"bm":0,"nm":"Fill 1","mn":"ADBE Vector Graphic - Fill","hd":false},{"ty":"tr","p":{"a":0,"k":[184.53,72.01],"ix":2},"a":{"a":0,"k":[0,0],"ix":1},"s":{"a":0,"k":[100,100],"ix":3},"r":{"a":0,"k":0,"ix":6},"o":{"a":0,"k":100,"ix":7},"sk":{"a":0,"k":0,"ix":4},"sa":{"a":0,"k":0,"ix":5},"nm":"Transform"}],"nm":"Group 8","np":2,"cix":2,"bm":0,"ix":2,"mn":"ADBE Vector Group","hd":false},{"ty":"tr","p":{"a":0,"k":[181.526,68.485],"ix":2},"a":{"a":0,"k":[181.526,68.485],"ix":1},"s":{"a":0,"k":[100,100],"ix":3},"r":{"a":0,"k":0,"ix":6},"o":{"a":0,"k":100,"ix":7},"sk":{"a":0,"k":0,"ix":4},"sa":{"a":0,"k":0,"ix":5},"nm":"Transform"}],"nm":"Group 15","np":2,"cix":2,"bm":0,"ix":1,"mn":"ADBE Vector Group","hd":false}],"ip":11,"op":121,"st":20,"bm":0},{"ddd":0,"ind":13,"ty":4,"nm":"berry mask 6","parent":10,"td":1,"sr":1,"ks":{"o":{"a":0,"k":100,"ix":11},"r":{"a":0,"k":0,"ix":10},"p":{"a":0,"k":[-272.5,-11.561,0],"ix":2,"l":2},"a":{"a":0,"k":[170.381,-147.005,0],"ix":1,"l":2},"s":{"a":0,"k":[100,100,100],"ix":6,"l":2}},"ao":0,"shapes":[{"ty":"gr","it":[{"ind":0,"ty":"sh","ix":1,"ks":{"a":0,"k":{"i":[[72.744,2.641],[-3,-26],[-55,0],[-1,25]],"o":[[-85.232,-3.094],[3,26],[55,0],[1,-25]],"v":[[174,-349],[100,-114],[175,-69],[241,-113]],"c":true},"ix":2},"nm":"Path 1","mn":"ADBE Vector Shape - Group","hd":false},{"ty":"fl","c":{"a":0,"k":[0.5,0.5,0.5,1],"ix":4},"o":{"a":0,"k":100,"ix":5},"r":1,"bm":0,"nm":"Fill 1","mn":"ADBE Vector Graphic - Fill","hd":false},{"ty":"tr","p":{"a":0,"k":[0,0],"ix":2},"a":{"a":0,"k":[0,0],"ix":1},"s":{"a":0,"k":[100,100],"ix":3},"r":{"a":0,"k":0,"ix":6},"o":{"a":0,"k":100,"ix":7},"sk":{"a":0,"k":0,"ix":4},"sa":{"a":0,"k":0,"ix":5},"nm":"Transform"}],"nm":"Shape 1","np":3,"cix":2,"bm":0,"ix":1,"mn":"ADBE Vector Group","hd":false}],"ip":11,"op":158,"st":0,"bm":0},{"ddd":0,"ind":14,"ty":4,"nm":"Berry 2","parent":9,"tt":1,"sr":1,"ks":{"o":{"a":0,"k":100,"ix":11},"r":{"a":1,"k":[{"i":{"x":[0.833],"y":[0.833]},"o":{"x":[0.167],"y":[0.167]},"t":11,"s":[0]},{"i":{"x":[0.667],"y":[1]},"o":{"x":[0.167],"y":[0]},"t":37,"s":[0]},{"t":50,"s":[0]}],"ix":10},"p":{"s":true,"x":{"a":0,"k":-272.5,"ix":3},"y":{"a":1,"k":[{"i":{"x":[0.833],"y":[0.833]},"o":{"x":[0.167],"y":[0.167]},"t":11,"s":[-11.561]},{"i":{"x":[0.833],"y":[0.833]},"o":{"x":[0.167],"y":[0.167]},"t":27,"s":[-51.561]},{"i":{"x":[0.667],"y":[1]},"o":{"x":[0.167],"y":[0.167]},"t":37,"s":[-7.561]},{"t":50,"s":[-11.561]}],"ix":4}},"a":{"a":0,"k":[60.39,143.569,0],"ix":1,"l":2},"s":{"a":1,"k":[{"i":{"x":[0.667,0.667,0.667],"y":[1,1,1]},"o":{"x":[0.167,0.167,0.167],"y":[0.167,0.167,0]},"t":35,"s":[100,100,100]},{"i":{"x":[0.667,0.667,0.667],"y":[1,1,1]},"o":{"x":[0.333,0.333,0.333],"y":[0,0,0]},"t":37,"s":[107,90,100]},{"t":50,"s":[100,100,100]}],"ix":6,"l":2}},"ao":0,"shapes":[{"ty":"gr","it":[{"ty":"gr","it":[{"ind":0,"ty":"sh","ix":1,"ks":{"a":0,"k":{"i":[[10.16,-0.64],[8.72,-23.12],[-3.68,-9.28],[-10.72,19.68],[-2.4,13.44],[0,0]],"o":[[-15.2,0.96],[-8.72,23.12],[3.68,9.28],[10.72,-19.68],[4.24,-23.68],[0,0]],"v":[[21.92,-64.32],[-19.44,-16.72],[-34.64,44.4],[4.8,45.28],[15.76,-14.16],[38.32,-57.52]],"c":true},"ix":2},"nm":"Path 1","mn":"ADBE Vector Shape - Group","hd":false},{"ty":"fl","c":{"a":0,"k":[0.991999966491,0.435000011968,0.258999992819,1],"ix":4},"o":{"a":0,"k":100,"ix":5},"r":1,"bm":0,"nm":"Fill 1","mn":"ADBE Vector Graphic - Fill","hd":false},{"ty":"tr","p":{"a":0,"k":[38.57,137.61],"ix":2},"a":{"a":0,"k":[0,0],"ix":1},"s":{"a":0,"k":[100,100],"ix":3},"r":{"a":0,"k":0,"ix":6},"o":{"a":0,"k":100,"ix":7},"sk":{"a":0,"k":0,"ix":4},"sa":{"a":0,"k":0,"ix":5},"nm":"Transform"}],"nm":"Group 6","np":2,"cix":2,"bm":0,"ix":1,"mn":"ADBE Vector Group","hd":false},{"ty":"gr","it":[{"ind":0,"ty":"sh","ix":1,"ks":{"a":0,"k":{"i":[[0,0],[0,0],[0,0],[-14.88,-9.52],[-24.16,11.841],[16.88,34.08]],"o":[[0,0],[0,0],[0,0],[14.08,9.04],[24.24,-11.84],[-15.6,-31.6]],"v":[[14.36,-67.561],[4.76,-71],[-59.24,30.12],[-46.2,57.48],[36.84,59.16],[42.44,-26.44]],"c":true},"ix":2},"nm":"Path 1","mn":"ADBE Vector Shape - Group","hd":false},{"ty":"fl","c":{"a":0,"k":[0.933000033509,0.356999984442,0.289999988032,1],"ix":4},"o":{"a":0,"k":100,"ix":5},"r":1,"bm":0,"nm":"Fill 1","mn":"ADBE Vector Graphic - Fill","hd":false},{"ty":"tr","p":{"a":0,"k":[62.53,147.57],"ix":2},"a":{"a":0,"k":[0,0],"ix":1},"s":{"a":0,"k":[100,100],"ix":3},"r":{"a":0,"k":0,"ix":6},"o":{"a":0,"k":100,"ix":7},"sk":{"a":0,"k":0,"ix":4},"sa":{"a":0,"k":0,"ix":5},"nm":"Transform"}],"nm":"Group 9","np":2,"cix":2,"bm":0,"ix":2,"mn":"ADBE Vector Group","hd":false},{"ty":"tr","p":{"a":0,"k":[60.39,143.569],"ix":2},"a":{"a":0,"k":[60.39,143.569],"ix":1},"s":{"a":0,"k":[100,100],"ix":3},"r":{"a":0,"k":0,"ix":6},"o":{"a":0,"k":100,"ix":7},"sk":{"a":0,"k":0,"ix":4},"sa":{"a":0,"k":0,"ix":5},"nm":"Transform"}],"nm":"Group 16","np":2,"cix":2,"bm":0,"ix":1,"mn":"ADBE Vector Group","hd":false}],"ip":11,"op":136,"st":20,"bm":0},{"ddd":0,"ind":15,"ty":4,"nm":"berry mask 5","parent":10,"td":1,"sr":1,"ks":{"o":{"a":0,"k":100,"ix":11},"r":{"a":0,"k":0,"ix":10},"p":{"a":0,"k":[-161.513,103.319,0],"ix":2,"l":2},"a":{"a":0,"k":[170.381,-147.005,0],"ix":1,"l":2},"s":{"a":0,"k":[100,100,100],"ix":6,"l":2}},"ao":0,"shapes":[{"ty":"gr","it":[{"ind":0,"ty":"sh","ix":1,"ks":{"a":0,"k":{"i":[[72.744,2.641],[-3,-26],[-55,0],[-1,25]],"o":[[-85.232,-3.094],[3,26],[55,0],[1,-25]],"v":[[174,-349],[100,-114],[175,-69],[241,-113]],"c":true},"ix":2},"nm":"Path 1","mn":"ADBE Vector Shape - Group","hd":false},{"ty":"fl","c":{"a":0,"k":[0.5,0.5,0.5,1],"ix":4},"o":{"a":0,"k":100,"ix":5},"r":1,"bm":0,"nm":"Fill 1","mn":"ADBE Vector Graphic - Fill","hd":false},{"ty":"tr","p":{"a":0,"k":[0,0],"ix":2},"a":{"a":0,"k":[0,0],"ix":1},"s":{"a":0,"k":[100,100],"ix":3},"r":{"a":0,"k":0,"ix":6},"o":{"a":0,"k":100,"ix":7},"sk":{"a":0,"k":0,"ix":4},"sa":{"a":0,"k":0,"ix":5},"nm":"Transform"}],"nm":"Shape 1","np":3,"cix":2,"bm":0,"ix":1,"mn":"ADBE Vector Group","hd":false}],"ip":11,"op":158,"st":0,"bm":0},{"ddd":0,"ind":16,"ty":4,"nm":"Berry 3","parent":9,"tt":1,"sr":1,"ks":{"o":{"a":0,"k":100,"ix":11},"r":{"a":1,"k":[{"i":{"x":[0.833],"y":[0.833]},"o":{"x":[0.167],"y":[0.167]},"t":11,"s":[0]},{"i":{"x":[0.667],"y":[1]},"o":{"x":[0.167],"y":[0]},"t":34,"s":[0]},{"t":46,"s":[0]}],"ix":10},"p":{"s":true,"x":{"a":0,"k":-161.513,"ix":3},"y":{"a":1,"k":[{"i":{"x":[0.833],"y":[0.833]},"o":{"x":[0.167],"y":[0.167]},"t":11,"s":[103.319]},{"i":{"x":[0.833],"y":[0.833]},"o":{"x":[0.167],"y":[0.167]},"t":26,"s":[83.319]},{"i":{"x":[0.667],"y":[1]},"o":{"x":[0.167],"y":[0.167]},"t":34,"s":[107.319]},{"t":46,"s":[103.319]}],"ix":4}},"a":{"a":0,"k":[171.377,258.449,0],"ix":1,"l":2},"s":{"a":1,"k":[{"i":{"x":[0.667,0.667,0.667],"y":[1,1,1]},"o":{"x":[0.167,0.167,0.167],"y":[0.167,0.167,0]},"t":32,"s":[100,100,100]},{"i":{"x":[0.667,0.667,0.667],"y":[1,1,1]},"o":{"x":[0.333,0.333,0.333],"y":[0,0,0]},"t":34,"s":[107,90,100]},{"t":46,"s":[100,100,100]}],"ix":6,"l":2}},"ao":0,"shapes":[{"ty":"gr","it":[{"ty":"gr","it":[{"ind":0,"ty":"sh","ix":1,"ks":{"a":0,"k":{"i":[[17.44,-37.68],[-21.36,-14.08],[-11.2,42.24],[10.72,9.041]],"o":[[-13.36,28.801],[21.36,14.08],[11.2,-42.239],[-10.64,-8.88]],"v":[[-17.16,-26.641],[-27.88,58.96],[36.28,8.239],[38.52,-64.16]],"c":true},"ix":2},"nm":"Path 1","mn":"ADBE Vector Shape - Group","hd":false},{"ty":"fl","c":{"a":0,"k":[0.991999966491,0.435000011968,0.258999992819,1],"ix":4},"o":{"a":0,"k":100,"ix":5},"r":1,"bm":0,"nm":"Fill 1","mn":"ADBE Vector Graphic - Fill","hd":false},{"ty":"tr","p":{"a":0,"k":[150.13,251.45],"ix":2},"a":{"a":0,"k":[0,0],"ix":1},"s":{"a":0,"k":[100,100],"ix":3},"r":{"a":0,"k":0,"ix":6},"o":{"a":0,"k":100,"ix":7},"sk":{"a":0,"k":0,"ix":4},"sa":{"a":0,"k":0,"ix":5},"nm":"Transform"}],"nm":"Group 7","np":2,"cix":2,"bm":0,"ix":1,"mn":"ADBE Vector Group","hd":false},{"ty":"gr","it":[{"ind":0,"ty":"sh","ix":1,"ks":{"a":0,"k":{"i":[[10.72,4],[0,0],[-27.36,-5.36],[-13.52,16.959],[12.96,30.4]],"o":[[0,0],[0,0],[23.6,4.64],[13.52,-16.96],[-12.96,-30.32]],"v":[[11.92,-75.48],[-59.84,36.6],[-30.24,68.121],[45.76,58.52],[46.88,-31.88]],"c":true},"ix":2},"nm":"Path 1","mn":"ADBE Vector Shape - Group","hd":false},{"ty":"fl","c":{"a":0,"k":[0.933000033509,0.356999984442,0.289999988032,1],"ix":4},"o":{"a":0,"k":100,"ix":5},"r":1,"bm":0,"nm":"Fill 1","mn":"ADBE Vector Graphic - Fill","hd":false},{"ty":"tr","p":{"a":0,"k":[173.93,261.17],"ix":2},"a":{"a":0,"k":[0,0],"ix":1},"s":{"a":0,"k":[100,100],"ix":3},"r":{"a":0,"k":0,"ix":6},"o":{"a":0,"k":100,"ix":7},"sk":{"a":0,"k":0,"ix":4},"sa":{"a":0,"k":0,"ix":5},"nm":"Transform"}],"nm":"Group 10","np":2,"cix":2,"bm":0,"ix":2,"mn":"ADBE Vector Group","hd":false},{"ty":"tr","p":{"a":0,"k":[171.377,258.449],"ix":2},"a":{"a":0,"k":[171.377,258.449],"ix":1},"s":{"a":0,"k":[100,100],"ix":3},"r":{"a":0,"k":0,"ix":6},"o":{"a":0,"k":100,"ix":7},"sk":{"a":0,"k":0,"ix":4},"sa":{"a":0,"k":0,"ix":5},"nm":"Transform"}],"nm":"Group 17","np":2,"cix":2,"bm":0,"ix":1,"mn":"ADBE Vector Group","hd":false}],"ip":11,"op":92,"st":20,"bm":0},{"ddd":0,"ind":17,"ty":4,"nm":"berry mask 4","parent":10,"td":1,"sr":1,"ks":{"o":{"a":0,"k":100,"ix":11},"r":{"a":0,"k":0,"ix":10},"p":{"a":0,"k":[12.659,132.278,0],"ix":2,"l":2},"a":{"a":0,"k":[170.381,-147.005,0],"ix":1,"l":2},"s":{"a":0,"k":[100,100,100],"ix":6,"l":2}},"ao":0,"shapes":[{"ty":"gr","it":[{"ind":0,"ty":"sh","ix":1,"ks":{"a":0,"k":{"i":[[72.744,2.641],[-3,-26],[-55,0],[-1,25]],"o":[[-85.232,-3.094],[3,26],[55,0],[1,-25]],"v":[[174,-349],[100,-114],[175,-69],[241,-113]],"c":true},"ix":2},"nm":"Path 1","mn":"ADBE Vector Shape - Group","hd":false},{"ty":"fl","c":{"a":0,"k":[0.5,0.5,0.5,1],"ix":4},"o":{"a":0,"k":100,"ix":5},"r":1,"bm":0,"nm":"Fill 1","mn":"ADBE Vector Graphic - Fill","hd":false},{"ty":"tr","p":{"a":0,"k":[0,0],"ix":2},"a":{"a":0,"k":[0,0],"ix":1},"s":{"a":0,"k":[100,100],"ix":3},"r":{"a":0,"k":0,"ix":6},"o":{"a":0,"k":100,"ix":7},"sk":{"a":0,"k":0,"ix":4},"sa":{"a":0,"k":0,"ix":5},"nm":"Transform"}],"nm":"Shape 1","np":3,"cix":2,"bm":0,"ix":1,"mn":"ADBE Vector Group","hd":false}],"ip":11,"op":158,"st":0,"bm":0},{"ddd":0,"ind":18,"ty":4,"nm":"Berry 4","parent":9,"tt":1,"sr":1,"ks":{"o":{"a":0,"k":100,"ix":11},"r":{"a":1,"k":[{"i":{"x":[0.833],"y":[0.833]},"o":{"x":[0.167],"y":[0.167]},"t":11,"s":[0]},{"i":{"x":[0.667],"y":[1]},"o":{"x":[0.167],"y":[0]},"t":38,"s":[0]},{"t":50,"s":[0]}],"ix":10},"p":{"s":true,"x":{"a":0,"k":12.659,"ix":3},"y":{"a":1,"k":[{"i":{"x":[0.833],"y":[0.833]},"o":{"x":[0.167],"y":[0.167]},"t":11,"s":[132.278]},{"i":{"x":[0.833],"y":[0.833]},"o":{"x":[0.167],"y":[0.167]},"t":29,"s":[112.278]},{"i":{"x":[0.667],"y":[1]},"o":{"x":[0.167],"y":[0.167]},"t":38,"s":[136.278]},{"t":50,"s":[132.278]}],"ix":4}},"a":{"a":0,"k":[345.549,287.408,0],"ix":1,"l":2},"s":{"a":1,"k":[{"i":{"x":[0.667,0.667,0.667],"y":[1,1,1]},"o":{"x":[0.167,0.167,0.167],"y":[0.167,0.167,0]},"t":36,"s":[100,100,100]},{"i":{"x":[0.667,0.667,0.667],"y":[1,1,1]},"o":{"x":[0.333,0.333,0.333],"y":[0,0,0]},"t":38,"s":[107,90,100]},{"t":50,"s":[100,100,100]}],"ix":6,"l":2}},"ao":0,"shapes":[{"ty":"gr","it":[{"ty":"gr","it":[{"ind":0,"ty":"sh","ix":1,"ks":{"a":0,"k":{"i":[[7.04,0.319],[16,-26.481],[-7.84,-13.2],[-19.76,8.16],[-1.12,11.519],[6.48,4.8]],"o":[[-8.16,-0.32],[-16.08,26.479],[7.92,13.201],[19.68,-8.16],[1.12,-11.521],[-6.48,-4.721]],"v":[[25.04,-63.88],[-14.64,-32.92],[-41.12,49.559],[5.92,56.04],[40.24,7.88],[42.48,-57.72]],"c":true},"ix":2},"nm":"Path 1","mn":"ADBE Vector Shape - Group","hd":false},{"ty":"fl","c":{"a":0,"k":[1,0.430999995213,0.270999983245,1],"ix":4},"o":{"a":0,"k":100,"ix":5},"r":1,"bm":0,"nm":"Fill 1","mn":"ADBE Vector Graphic - Fill","hd":false},{"ty":"tr","p":{"a":0,"k":[325.53,278.29],"ix":2},"a":{"a":0,"k":[0,0],"ix":1},"s":{"a":0,"k":[100,100],"ix":3},"r":{"a":0,"k":0,"ix":6},"o":{"a":0,"k":100,"ix":7},"sk":{"a":0,"k":0,"ix":4},"sa":{"a":0,"k":0,"ix":5},"nm":"Transform"}],"nm":"Group 1","np":2,"cix":2,"bm":0,"ix":1,"mn":"ADBE Vector Group","hd":false},{"ty":"gr","it":[{"ind":0,"ty":"sh","ix":1,"ks":{"a":0,"k":{"i":[[10.08,4.48],[0,0],[-20.8,-9.6],[-20.88,11.2],[6.64,19.52],[2.8,7.36]],"o":[[0,0],[0,0],[26.72,12.401],[18.32,-9.84],[-5.44,-15.92],[-2.8,-7.28]],"v":[[20.6,-71.801],[-63.64,30.119],[-44.52,59.4],[44.2,59.96],[58.68,-0.6],[42.92,-37.4]],"c":true},"ix":2},"nm":"Path 1","mn":"ADBE Vector Shape - Group","hd":false},{"ty":"fl","c":{"a":0,"k":[0.933000033509,0.356999984442,0.289999988032,1],"ix":4},"o":{"a":0,"k":100,"ix":5},"r":1,"bm":0,"nm":"Fill 1","mn":"ADBE Vector Graphic - Fill","hd":false},{"ty":"tr","p":{"a":0,"k":[346.61,291.89],"ix":2},"a":{"a":0,"k":[0,0],"ix":1},"s":{"a":0,"k":[100,100],"ix":3},"r":{"a":0,"k":0,"ix":6},"o":{"a":0,"k":100,"ix":7},"sk":{"a":0,"k":0,"ix":4},"sa":{"a":0,"k":0,"ix":5},"nm":"Transform"}],"nm":"Group 11","np":2,"cix":2,"bm":0,"ix":2,"mn":"ADBE Vector Group","hd":false},{"ty":"tr","p":{"a":0,"k":[345.549,287.408],"ix":2},"a":{"a":0,"k":[345.549,287.408],"ix":1},"s":{"a":0,"k":[100,100],"ix":3},"r":{"a":0,"k":0,"ix":6},"o":{"a":0,"k":100,"ix":7},"sk":{"a":0,"k":0,"ix":4},"sa":{"a":0,"k":0,"ix":5},"nm":"Transform"}],"nm":"Group 18","np":2,"cix":2,"bm":0,"ix":1,"mn":"ADBE Vector Group","hd":false}],"ip":11,"op":107,"st":20,"bm":0},{"ddd":0,"ind":19,"ty":4,"nm":"berry mask 3","parent":10,"td":1,"sr":1,"ks":{"o":{"a":0,"k":100,"ix":11},"r":{"a":0,"k":0,"ix":10},"p":{"a":0,"k":[190.588,106.888,0],"ix":2,"l":2},"a":{"a":0,"k":[170.381,-147.005,0],"ix":1,"l":2},"s":{"a":0,"k":[100,100,100],"ix":6,"l":2}},"ao":0,"shapes":[{"ty":"gr","it":[{"ind":0,"ty":"sh","ix":1,"ks":{"a":0,"k":{"i":[[72.744,2.641],[-3,-26],[-55,0],[-1,25]],"o":[[-85.232,-3.094],[3,26],[55,0],[1,-25]],"v":[[174,-349],[100,-114],[175,-69],[241,-113]],"c":true},"ix":2},"nm":"Path 1","mn":"ADBE Vector Shape - Group","hd":false},{"ty":"fl","c":{"a":0,"k":[0.5,0.5,0.5,1],"ix":4},"o":{"a":0,"k":100,"ix":5},"r":1,"bm":0,"nm":"Fill 1","mn":"ADBE Vector Graphic - Fill","hd":false},{"ty":"tr","p":{"a":0,"k":[0,0],"ix":2},"a":{"a":0,"k":[0,0],"ix":1},"s":{"a":0,"k":[100,100],"ix":3},"r":{"a":0,"k":0,"ix":6},"o":{"a":0,"k":100,"ix":7},"sk":{"a":0,"k":0,"ix":4},"sa":{"a":0,"k":0,"ix":5},"nm":"Transform"}],"nm":"Shape 1","np":3,"cix":2,"bm":0,"ix":1,"mn":"ADBE Vector Group","hd":false}],"ip":11,"op":158,"st":0,"bm":0},{"ddd":0,"ind":20,"ty":4,"nm":"Berry 5","parent":9,"tt":1,"sr":1,"ks":{"o":{"a":0,"k":100,"ix":11},"r":{"a":1,"k":[{"i":{"x":[0.833],"y":[0.833]},"o":{"x":[0.167],"y":[0.167]},"t":11,"s":[0]},{"i":{"x":[0.667],"y":[1]},"o":{"x":[0.167],"y":[0]},"t":35,"s":[0]},{"t":49,"s":[0]}],"ix":10},"p":{"s":true,"x":{"a":0,"k":190.588,"ix":3},"y":{"a":1,"k":[{"i":{"x":[0.833],"y":[0.833]},"o":{"x":[0.167],"y":[0.167]},"t":11,"s":[106.888]},{"i":{"x":[0.833],"y":[0.833]},"o":{"x":[0.167],"y":[0.167]},"t":27,"s":[66.888]},{"i":{"x":[0.667],"y":[1]},"o":{"x":[0.167],"y":[0.167]},"t":35,"s":[110.888]},{"t":49,"s":[106.888]}],"ix":4}},"a":{"a":0,"k":[523.478,262.018,0],"ix":1,"l":2},"s":{"a":1,"k":[{"i":{"x":[0.667,0.667,0.667],"y":[1,1,1]},"o":{"x":[0.167,0.167,0.167],"y":[0.167,0.167,0]},"t":33,"s":[100,100,100]},{"i":{"x":[0.667,0.667,0.667],"y":[1,1,1]},"o":{"x":[0.333,0.333,0.333],"y":[0,0,0]},"t":35,"s":[107,90,100]},{"t":49,"s":[100,100,100]}],"ix":6,"l":2}},"ao":0,"shapes":[{"ty":"gr","it":[{"ty":"gr","it":[{"ind":0,"ty":"sh","ix":1,"ks":{"a":0,"k":{"i":[[-3.68,-3.36],[-8.64,10.241],[-0.56,23.04],[14.64,-0.801],[16,-23.68],[4.24,-18.321]],"o":[[12.64,11.52],[13.2,-15.759],[0.4,-16.72],[-5.04,0.32],[-12.72,18.719],[-3.6,15.2]],"v":[[-35.36,48],[10,38.4],[34.8,-33.359],[24.4,-58.719],[-10.48,-32.239],[-34.72,19.601]],"c":true},"ix":2},"nm":"Path 1","mn":"ADBE Vector Shape - Group","hd":false},{"ty":"fl","c":{"a":0,"k":[1,0.430999995213,0.270999983245,1],"ix":4},"o":{"a":0,"k":100,"ix":5},"r":1,"bm":0,"nm":"Fill 1","mn":"ADBE Vector Graphic - Fill","hd":false},{"ty":"tr","p":{"a":0,"k":[500.81,253.45],"ix":2},"a":{"a":0,"k":[0,0],"ix":1},"s":{"a":0,"k":[100,100],"ix":3},"r":{"a":0,"k":0,"ix":6},"o":{"a":0,"k":100,"ix":7},"sk":{"a":0,"k":0,"ix":4},"sa":{"a":0,"k":0,"ix":5},"nm":"Transform"}],"nm":"Group 2","np":2,"cix":2,"bm":0,"ix":1,"mn":"ADBE Vector Group","hd":false},{"ty":"gr","it":[{"ind":0,"ty":"sh","ix":1,"ks":{"a":0,"k":{"i":[[9.04,-7.36],[0,0],[-29.04,-6.8],[-15.76,13.52],[13.6,28.561]],"o":[[0,0],[0,0],[23.04,5.36],[15.76,-13.52],[-14.88,-31.04]],"v":[[2.08,-64.16],[-62.24,34.639],[-33.92,65.92],[47.2,58],[48.08,-11.281]],"c":true},"ix":2},"nm":"Path 1","mn":"ADBE Vector Shape - Group","hd":false},{"ty":"fl","c":{"a":0,"k":[0.933000033509,0.356999984442,0.289999988032,1],"ix":4},"o":{"a":0,"k":100,"ix":5},"r":1,"bm":0,"nm":"Fill 1","mn":"ADBE Vector Graphic - Fill","hd":false},{"ty":"tr","p":{"a":0,"k":[525.29,260.01],"ix":2},"a":{"a":0,"k":[0,0],"ix":1},"s":{"a":0,"k":[100,100],"ix":3},"r":{"a":0,"k":0,"ix":6},"o":{"a":0,"k":100,"ix":7},"sk":{"a":0,"k":0,"ix":4},"sa":{"a":0,"k":0,"ix":5},"nm":"Transform"}],"nm":"Group 12","np":2,"cix":2,"bm":0,"ix":2,"mn":"ADBE Vector Group","hd":false},{"ty":"tr","p":{"a":0,"k":[523.478,262.018],"ix":2},"a":{"a":0,"k":[523.478,262.018],"ix":1},"s":{"a":0,"k":[100,100],"ix":3},"r":{"a":0,"k":0,"ix":6},"o":{"a":0,"k":100,"ix":7},"sk":{"a":0,"k":0,"ix":4},"sa":{"a":0,"k":0,"ix":5},"nm":"Transform"}],"nm":"Group 19","np":2,"cix":2,"bm":0,"ix":1,"mn":"ADBE Vector Group","hd":false}],"ip":11,"op":107,"st":20,"bm":0},{"ddd":0,"ind":21,"ty":4,"nm":"berry mask 2","parent":10,"td":1,"sr":1,"ks":{"o":{"a":0,"k":100,"ix":11},"r":{"a":0,"k":0,"ix":10},"p":{"a":0,"k":[293.547,-0.482,0],"ix":2,"l":2},"a":{"a":0,"k":[170.381,-147.005,0],"ix":1,"l":2},"s":{"a":0,"k":[100,100,100],"ix":6,"l":2}},"ao":0,"shapes":[{"ty":"gr","it":[{"ind":0,"ty":"sh","ix":1,"ks":{"a":0,"k":{"i":[[72.744,2.641],[-3,-26],[-55,0],[-1,25]],"o":[[-85.232,-3.094],[3,26],[55,0],[1,-25]],"v":[[174,-349],[100,-114],[175,-69],[241,-113]],"c":true},"ix":2},"nm":"Path 1","mn":"ADBE Vector Shape - Group","hd":false},{"ty":"fl","c":{"a":0,"k":[0.5,0.5,0.5,1],"ix":4},"o":{"a":0,"k":100,"ix":5},"r":1,"bm":0,"nm":"Fill 1","mn":"ADBE Vector Graphic - Fill","hd":false},{"ty":"tr","p":{"a":0,"k":[0,0],"ix":2},"a":{"a":0,"k":[0,0],"ix":1},"s":{"a":0,"k":[100,100],"ix":3},"r":{"a":0,"k":0,"ix":6},"o":{"a":0,"k":100,"ix":7},"sk":{"a":0,"k":0,"ix":4},"sa":{"a":0,"k":0,"ix":5},"nm":"Transform"}],"nm":"Shape 1","np":3,"cix":2,"bm":0,"ix":1,"mn":"ADBE Vector Group","hd":false}],"ip":11,"op":158,"st":0,"bm":0},{"ddd":0,"ind":22,"ty":4,"nm":"Berry 6","parent":9,"tt":1,"sr":1,"ks":{"o":{"a":0,"k":100,"ix":11},"r":{"a":1,"k":[{"i":{"x":[0.833],"y":[0.833]},"o":{"x":[0.167],"y":[0.167]},"t":11,"s":[0]},{"i":{"x":[0.667],"y":[1]},"o":{"x":[0.167],"y":[0]},"t":34,"s":[0]},{"t":45,"s":[0]}],"ix":10},"p":{"s":true,"x":{"a":0,"k":293.547,"ix":3},"y":{"a":1,"k":[{"i":{"x":[0.833],"y":[0.833]},"o":{"x":[0.167],"y":[0.167]},"t":11,"s":[-0.482]},{"i":{"x":[0.833],"y":[0.833]},"o":{"x":[0.167],"y":[0.167]},"t":26,"s":[-20.482]},{"i":{"x":[0.667],"y":[1]},"o":{"x":[0.167],"y":[0.167]},"t":34,"s":[3.518]},{"t":45,"s":[-0.482]}],"ix":4}},"a":{"a":0,"k":[626.437,154.648,0],"ix":1,"l":2},"s":{"a":1,"k":[{"i":{"x":[0.667,0.667,0.667],"y":[1,1,1]},"o":{"x":[0.167,0.167,0.167],"y":[0.167,0.167,0]},"t":32,"s":[100,100,100]},{"i":{"x":[0.667,0.667,0.667],"y":[1,1,1]},"o":{"x":[0.333,0.333,0.333],"y":[0,0,0]},"t":34,"s":[107,90,100]},{"t":45,"s":[100,100,100]}],"ix":6,"l":2}},"ao":0,"shapes":[{"ty":"gr","it":[{"ty":"gr","it":[{"ind":0,"ty":"sh","ix":1,"ks":{"a":0,"k":{"i":[[12.88,-2.08],[18.72,-40.4],[-8.48,-3.52],[-10.56,13.2],[-2.64,17.92]],"o":[[-9.84,1.6],[-11.68,25.2],[8.48,3.52],[10.56,-13.2],[2.56,-17.76]],"v":[[27.04,-52.8],[-24.72,-5.12],[-31.44,47.84],[10.72,41.68],[35.6,-25.36]],"c":true},"ix":2},"nm":"Path 1","mn":"ADBE Vector Shape - Group","hd":false},{"ty":"fl","c":{"a":0,"k":[1,0.430999995213,0.270999983245,1],"ix":4},"o":{"a":0,"k":100,"ix":5},"r":1,"bm":0,"nm":"Fill 1","mn":"ADBE Vector Graphic - Fill","hd":false},{"ty":"tr","p":{"a":0,"k":[609.37,143.13],"ix":2},"a":{"a":0,"k":[0,0],"ix":1},"s":{"a":0,"k":[100,100],"ix":3},"r":{"a":0,"k":0,"ix":6},"o":{"a":0,"k":100,"ix":7},"sk":{"a":0,"k":0,"ix":4},"sa":{"a":0,"k":0,"ix":5},"nm":"Transform"}],"nm":"Group 3","np":2,"cix":2,"bm":0,"ix":1,"mn":"ADBE Vector Group","hd":false},{"ty":"gr","it":[{"ind":0,"ty":"sh","ix":1,"ks":{"a":0,"k":{"i":[[15.2,-1.76],[0,0],[-20,-8.8],[-12.24,17.84],[7.04,21.04]],"o":[[0,0],[0,0],[20.88,9.12],[13.92,-20.24],[-5.44,-16.48]],"v":[[10.64,-65.12],[-55.84,28],[-33.84,57.2],[41.92,49.04],[42.8,-27.04]],"c":true},"ix":2},"nm":"Path 1","mn":"ADBE Vector Shape - Group","hd":false},{"ty":"fl","c":{"a":0,"k":[0.933000033509,0.356999984442,0.289999988032,1],"ix":4},"o":{"a":0,"k":100,"ix":5},"r":1,"bm":0,"nm":"Fill 1","mn":"ADBE Vector Graphic - Fill","hd":false},{"ty":"tr","p":{"a":0,"k":[629.29,155.77],"ix":2},"a":{"a":0,"k":[0,0],"ix":1},"s":{"a":0,"k":[100,100],"ix":3},"r":{"a":0,"k":0,"ix":6},"o":{"a":0,"k":100,"ix":7},"sk":{"a":0,"k":0,"ix":4},"sa":{"a":0,"k":0,"ix":5},"nm":"Transform"}],"nm":"Group 13","np":2,"cix":2,"bm":0,"ix":2,"mn":"ADBE Vector Group","hd":false},{"ty":"tr","p":{"a":0,"k":[626.437,154.648],"ix":2},"a":{"a":0,"k":[626.437,154.648],"ix":1},"s":{"a":0,"k":[100,100],"ix":3},"r":{"a":0,"k":0,"ix":6},"o":{"a":0,"k":100,"ix":7},"sk":{"a":0,"k":0,"ix":4},"sa":{"a":0,"k":0,"ix":5},"nm":"Transform"}],"nm":"Group 20","np":2,"cix":2,"bm":0,"ix":1,"mn":"ADBE Vector Group","hd":false}],"ip":11,"op":121,"st":20,"bm":0},{"ddd":0,"ind":23,"ty":4,"nm":"berry mask","parent":10,"td":1,"sr":1,"ks":{"o":{"a":0,"k":100,"ix":11},"r":{"a":0,"k":0,"ix":10},"p":{"a":0,"k":[173.064,-75.627,0],"ix":2,"l":2},"a":{"a":0,"k":[170.381,-147.005,0],"ix":1,"l":2},"s":{"a":0,"k":[100,100,100],"ix":6,"l":2}},"ao":0,"shapes":[{"ty":"gr","it":[{"ind":0,"ty":"sh","ix":1,"ks":{"a":0,"k":{"i":[[72.744,2.641],[-3,-26],[-55,0],[-1,25]],"o":[[-85.232,-3.094],[3,26],[55,0],[1,-25]],"v":[[174,-349],[100,-114],[175,-69],[241,-113]],"c":true},"ix":2},"nm":"Path 1","mn":"ADBE Vector Shape - Group","hd":false},{"ty":"fl","c":{"a":0,"k":[0.5,0.5,0.5,1],"ix":4},"o":{"a":0,"k":100,"ix":5},"r":1,"bm":0,"nm":"Fill 1","mn":"ADBE Vector Graphic - Fill","hd":false},{"ty":"tr","p":{"a":0,"k":[0,0],"ix":2},"a":{"a":0,"k":[0,0],"ix":1},"s":{"a":0,"k":[100,100],"ix":3},"r":{"a":0,"k":0,"ix":6},"o":{"a":0,"k":100,"ix":7},"sk":{"a":0,"k":0,"ix":4},"sa":{"a":0,"k":0,"ix":5},"nm":"Transform"}],"nm":"Shape 1","np":3,"cix":2,"bm":0,"ix":1,"mn":"ADBE Vector Group","hd":false}],"ip":11,"op":158,"st":0,"bm":0},{"ddd":0,"ind":24,"ty":4,"nm":"Berry 7","parent":9,"tt":1,"sr":1,"ks":{"o":{"a":0,"k":100,"ix":11},"r":{"a":1,"k":[{"i":{"x":[0.833],"y":[0.833]},"o":{"x":[0.167],"y":[0.167]},"t":11,"s":[0]},{"i":{"x":[0.667],"y":[1]},"o":{"x":[0.167],"y":[0]},"t":38,"s":[0]},{"t":50,"s":[0]}],"ix":10},"p":{"s":true,"x":{"a":0,"k":173.064,"ix":3},"y":{"a":1,"k":[{"i":{"x":[0.833],"y":[0.833]},"o":{"x":[0.167],"y":[0.167]},"t":11,"s":[-75.627]},{"i":{"x":[0.833],"y":[0.833]},"o":{"x":[0.167],"y":[0.167]},"t":27,"s":[-95.627]},{"i":{"x":[0.667],"y":[1]},"o":{"x":[0.167],"y":[0.167]},"t":38,"s":[-71.627]},{"t":50,"s":[-75.627]}],"ix":4}},"a":{"a":0,"k":[505.954,79.503,0],"ix":1,"l":2},"s":{"a":1,"k":[{"i":{"x":[0.667,0.667,0.667],"y":[1,1,1]},"o":{"x":[0.167,0.167,0.167],"y":[0.167,0.167,0]},"t":36,"s":[100,100,100]},{"i":{"x":[0.667,0.667,0.667],"y":[1,1,1]},"o":{"x":[0.333,0.333,0.333],"y":[0,0,0]},"t":38,"s":[107,90,100]},{"t":50,"s":[100,100,100]}],"ix":6,"l":2}},"ao":0,"shapes":[{"ty":"gr","it":[{"ty":"gr","it":[{"ind":0,"ty":"sh","ix":1,"ks":{"a":0,"k":{"i":[[11.92,0.56],[10.64,-25.28],[-0.48,-8.08],[-14.88,24.4],[1.04,9.92]],"o":[[-11.44,-0.56],[-10.72,25.28],[0.48,8.08],[9.36,-15.36],[-0.96,-10]],"v":[[22.04,-54.08],[-16.76,-15.2],[-33.48,45.6],[24.12,30.24],[31.96,-36.24]],"c":true},"ix":2},"nm":"Path 1","mn":"ADBE Vector Shape - Group","hd":false},{"ty":"fl","c":{"a":0,"k":[1,0.430999995213,0.270999983245,1],"ix":4},"o":{"a":0,"k":100,"ix":5},"r":1,"bm":0,"nm":"Fill 1","mn":"ADBE Vector Graphic - Fill","hd":false},{"ty":"tr","p":{"a":0,"k":[487.41,67.21],"ix":2},"a":{"a":0,"k":[0,0],"ix":1},"s":{"a":0,"k":[100,100],"ix":3},"r":{"a":0,"k":0,"ix":6},"o":{"a":0,"k":100,"ix":7},"sk":{"a":0,"k":0,"ix":4},"sa":{"a":0,"k":0,"ix":5},"nm":"Transform"}],"nm":"Group 4","np":2,"cix":2,"bm":0,"ix":1,"mn":"ADBE Vector Group","hd":false},{"ty":"gr","it":[{"ind":0,"ty":"sh","ix":1,"ks":{"a":0,"k":{"i":[[5.76,0.48],[-3.92,-16.96],[-30.8,-2.08],[-4.4,13.6],[6.96,11.44]],"o":[[0,0],[3.04,13.36],[30.8,2.08],[5.92,-18.08],[-9.84,-16.24]],"v":[[5.56,-67.04],[-52.36,35.2],[-4.12,64.96],[50.36,39.12],[30.04,-48]],"c":true},"ix":2},"nm":"Path 1","mn":"ADBE Vector Shape - Group","hd":false},{"ty":"fl","c":{"a":0,"k":[0.933000033509,0.356999984442,0.289999988032,1],"ix":4},"o":{"a":0,"k":100,"ix":5},"r":1,"bm":0,"nm":"Fill 1","mn":"ADBE Vector Graphic - Fill","hd":false},{"ty":"tr","p":{"a":0,"k":[506.53,80.73],"ix":2},"a":{"a":0,"k":[0,0],"ix":1},"s":{"a":0,"k":[100,100],"ix":3},"r":{"a":0,"k":0,"ix":6},"o":{"a":0,"k":100,"ix":7},"sk":{"a":0,"k":0,"ix":4},"sa":{"a":0,"k":0,"ix":5},"nm":"Transform"}],"nm":"Group 14","np":2,"cix":2,"bm":0,"ix":2,"mn":"ADBE Vector Group","hd":false},{"ty":"tr","p":{"a":0,"k":[505.954,79.503],"ix":2},"a":{"a":0,"k":[505.954,79.503],"ix":1},"s":{"a":0,"k":[100,100],"ix":3},"r":{"a":0,"k":0,"ix":6},"o":{"a":0,"k":100,"ix":7},"sk":{"a":0,"k":0,"ix":4},"sa":{"a":0,"k":0,"ix":5},"nm":"Transform"}],"nm":"Group 21","np":2,"cix":2,"bm":0,"ix":1,"mn":"ADBE Vector Group","hd":false}],"ip":11,"op":121,"st":20,"bm":0},{"ddd":0,"ind":25,"ty":4,"nm":"interior mask 2","parent":10,"td":1,"sr":1,"ks":{"o":{"a":0,"k":100,"ix":11},"r":{"a":0,"k":0,"ix":10},"p":{"a":0,"k":[-7.815,249.795,0],"ix":2,"l":2},"a":{"a":0,"k":[285.191,245.014,0],"ix":1,"l":2},"s":{"a":0,"k":[100,100,100],"ix":6,"l":2}},"ao":0,"shapes":[{"ty":"gr","it":[{"ind":0,"ty":"sh","ix":1,"ks":{"a":1,"k":[{"t":92,"s":[{"i":[[0,0],[0,0],[0,0],[0,0],[0,0],[-4.638,-55.176]],"o":[[0,0],[0,0],[0,0],[0,0],[-11.361,70.441],[0,0]],"v":[[-2.237,179.193],[-85.059,291.965],[-85.059,-104.4],[1.49,-244.764],[-273.581,-169.051],[-268.904,245.764]],"c":true}],"h":1},{"t":107,"s":[{"i":[[0,0],[0,0],[0,0],[0,0],[0,0],[-4.638,-55.176]],"o":[[0,0],[0,0],[0,0],[0,0],[-11.361,70.441],[0,0]],"v":[[-2.115,155.693],[284.941,231.965],[284.941,-164.4],[1.49,-244.764],[-273.581,-169.051],[-267.654,245.514]],"c":true}],"h":1},{"t":121,"s":[{"i":[[0,0],[0,0],[0,0],[0,0],[0,0],[-4.638,-55.176]],"o":[[0,0],[0,0],[0,0],[0,0],[-11.361,70.441],[0,0]],"v":[[-2.115,155.693],[-2.559,154.965],[1.191,-244.65],[1.49,-244.764],[-273.581,-169.051],[-267.654,245.514]],"c":true}],"h":1}],"ix":2},"nm":"Path 1","mn":"ADBE Vector Shape - Group","hd":false},{"ty":"fl","c":{"a":0,"k":[0.984000052658,0.717999985639,0.352999997606,1],"ix":4},"o":{"a":0,"k":100,"ix":5},"r":1,"bm":0,"nm":"Fill 1","mn":"ADBE Vector Graphic - Fill","hd":false},{"ty":"tr","p":{"a":0,"k":[285.191,245.014],"ix":2},"a":{"a":0,"k":[0,0],"ix":1},"s":{"a":0,"k":[100,100],"ix":3},"r":{"a":0,"k":0,"ix":6},"o":{"a":0,"k":100,"ix":7},"sk":{"a":0,"k":0,"ix":4},"sa":{"a":0,"k":0,"ix":5},"nm":"Transform"}],"nm":"Group 1","np":2,"cix":2,"bm":0,"ix":1,"mn":"ADBE Vector Group","hd":false}],"ip":11,"op":136,"st":20,"bm":0},{"ddd":0,"ind":26,"ty":4,"nm":"interior shadow ","parent":30,"tt":1,"sr":1,"ks":{"o":{"a":0,"k":35,"ix":11},"r":{"a":0,"k":0,"ix":10},"p":{"a":0,"k":[207.955,290.849,0],"ix":2,"l":2},"a":{"a":0,"k":[168.931,297.063,0],"ix":1,"l":2},"s":{"a":0,"k":[100,100,100],"ix":6,"l":2}},"ao":0,"shapes":[{"ty":"gr","it":[{"ind":0,"ty":"sh","ix":1,"ks":{"a":1,"k":[{"t":92,"s":[{"i":[[0,0],[0,0],[0,0],[0,0],[0,0],[0,0]],"o":[[0,0],[0,0],[0,0],[0,0],[0,0],[0,0]],"v":[[143.93,199.622],[81.646,221.408],[81.312,237.415],[-189.931,314.063],[-168.931,-297.063],[168.93,-297.063]],"c":true}],"h":1},{"t":107,"s":[{"i":[[0,0],[0,0],[0,0],[0,0],[0,0],[0,0]],"o":[[0,0],[0,0],[0,0],[0,0],[0,0],[0,0]],"v":[[164.93,215.622],[138.741,222.887],[138.198,223.038],[-189.931,314.063],[-168.931,-297.063],[168.93,-297.063]],"c":true}],"h":1}],"ix":2},"nm":"Path 1","mn":"ADBE Vector Shape - Group","hd":false},{"ty":"fl","c":{"a":0,"k":[0.588000009574,0.317999985639,0.317999985639,1],"ix":4},"o":{"a":0,"k":100,"ix":5},"r":1,"bm":0,"nm":"Fill 1","mn":"ADBE Vector Graphic - Fill","hd":false},{"ty":"tr","p":{"a":0,"k":[168.93,297.063],"ix":2},"a":{"a":0,"k":[0,0],"ix":1},"s":{"a":0,"k":[100,100],"ix":3},"r":{"a":0,"k":0,"ix":6},"o":{"a":0,"k":100,"ix":7},"sk":{"a":0,"k":0,"ix":4},"sa":{"a":0,"k":0,"ix":5},"nm":"Transform"}],"nm":"Group 1","np":2,"cix":2,"bm":0,"ix":1,"mn":"ADBE Vector Group","hd":false}],"ip":92,"op":136,"st":5,"bm":0},{"ddd":0,"ind":27,"ty":4,"nm":"interior mask ","parent":30,"td":1,"sr":1,"ks":{"o":{"a":0,"k":100,"ix":11},"r":{"a":0,"k":0,"ix":10},"p":{"a":0,"k":[375.395,327.894,0],"ix":2,"l":2},"a":{"a":0,"k":[285.191,245.014,0],"ix":1,"l":2},"s":{"a":0,"k":[100,100,100],"ix":6,"l":2}},"ao":0,"shapes":[{"ty":"gr","it":[{"ind":0,"ty":"sh","ix":1,"ks":{"a":1,"k":[{"t":92,"s":[{"i":[[0,0],[0,0],[0,0],[0,0],[0,0],[-4.638,-55.176]],"o":[[0,0],[0,0],[0,0],[0,0],[-11.361,70.441],[0,0]],"v":[[-85.115,183.943],[-85.059,291.965],[-85.059,-104.4],[1.49,-244.764],[-273.581,-169.051],[-268.904,245.764]],"c":true}],"h":1},{"t":107,"s":[{"i":[[0,0],[0,0],[0,0],[0,0],[0,0],[-4.638,-55.176]],"o":[[0,0],[0,0],[0,0],[0,0],[-11.361,70.441],[0,0]],"v":[[-2.115,155.693],[284.941,231.965],[284.941,-164.4],[1.49,-244.764],[-273.581,-169.051],[-267.654,245.514]],"c":true}],"h":1},{"t":121,"s":[{"i":[[0,0],[0,0],[0,0],[0,0],[0,0],[-4.638,-55.176]],"o":[[0,0],[0,0],[0,0],[0,0],[-11.361,70.441],[0,0]],"v":[[-2.115,155.693],[-2.559,154.965],[1.191,-244.65],[1.49,-244.764],[-273.581,-169.051],[-267.654,245.514]],"c":true}],"h":1}],"ix":2},"nm":"Path 1","mn":"ADBE Vector Shape - Group","hd":false},{"ty":"fl","c":{"a":0,"k":[0.984000052658,0.717999985639,0.352999997606,1],"ix":4},"o":{"a":0,"k":100,"ix":5},"r":1,"bm":0,"nm":"Fill 1","mn":"ADBE Vector Graphic - Fill","hd":false},{"ty":"tr","p":{"a":0,"k":[285.191,245.014],"ix":2},"a":{"a":0,"k":[0,0],"ix":1},"s":{"a":0,"k":[100,100],"ix":3},"r":{"a":0,"k":0,"ix":6},"o":{"a":0,"k":100,"ix":7},"sk":{"a":0,"k":0,"ix":4},"sa":{"a":0,"k":0,"ix":5},"nm":"Transform"}],"nm":"Group 1","np":2,"cix":2,"bm":0,"ix":1,"mn":"ADBE Vector Group","hd":false}],"ip":92,"op":136,"st":5,"bm":0},{"ddd":0,"ind":28,"ty":4,"nm":"interior","parent":30,"tt":1,"sr":1,"ks":{"o":{"a":0,"k":100,"ix":11},"r":{"a":0,"k":0,"ix":10},"p":{"a":0,"k":[378.601,168.731,0],"ix":2,"l":2},"a":{"a":0,"k":[493.178,446.969,0],"ix":1,"l":2},"s":{"a":0,"k":[100,100,100],"ix":6,"l":2}},"ao":0,"shapes":[{"ty":"gr","it":[{"ind":0,"ty":"sh","ix":1,"ks":{"a":0,"k":{"i":[[0,0],[0,0],[0,0],[0,0]],"o":[[0,0],[0,0],[0,0],[0,0]],"v":[[248.246,33.163],[-244.757,-98.584],[-248.246,-34.169],[248.246,98.585]],"c":true},"ix":2},"nm":"Path 1","mn":"ADBE Vector Shape - Group","hd":false},{"ty":"fl","c":{"a":0,"k":[0.991999966491,1,1,1],"ix":4},"o":{"a":0,"k":100,"ix":5},"r":1,"bm":0,"nm":"Fill 1","mn":"ADBE Vector Graphic - Fill","hd":false},{"ty":"tr","p":{"a":0,"k":[735.153,571.899],"ix":2},"a":{"a":0,"k":[0,0],"ix":1},"s":{"a":0,"k":[100,100],"ix":3},"r":{"a":0,"k":0,"ix":6},"o":{"a":0,"k":100,"ix":7},"sk":{"a":0,"k":0,"ix":4},"sa":{"a":0,"k":0,"ix":5},"nm":"Transform"}],"nm":"Group 1","np":2,"cix":2,"bm":0,"ix":1,"mn":"ADBE Vector Group","hd":false},{"ty":"gr","it":[{"ind":0,"ty":"sh","ix":1,"ks":{"a":0,"k":{"i":[[0,0],[0,0],[0,0],[0,0]],"o":[[0,0],[0,0],[0,0],[0,0]],"v":[[249.712,34.951],[-243.446,-100.374],[-249.713,-35.677],[249.712,100.374]],"c":true},"ix":2},"nm":"Path 1","mn":"ADBE Vector Shape - Group","hd":false},{"ty":"fl","c":{"a":0,"k":[0.948999980852,0.626999978458,0.356999984442,1],"ix":4},"o":{"a":0,"k":100,"ix":5},"r":1,"bm":0,"nm":"Fill 1","mn":"ADBE Vector Graphic - Fill","hd":false},{"ty":"tr","p":{"a":0,"k":[736.393,701.269],"ix":2},"a":{"a":0,"k":[0,0],"ix":1},"s":{"a":0,"k":[100,100],"ix":3},"r":{"a":0,"k":0,"ix":6},"o":{"a":0,"k":100,"ix":7},"sk":{"a":0,"k":0,"ix":4},"sa":{"a":0,"k":0,"ix":5},"nm":"Transform"}],"nm":"Group 2","np":2,"cix":2,"bm":0,"ix":2,"mn":"ADBE Vector Group","hd":false},{"ty":"gr","it":[{"ind":0,"ty":"sh","ix":1,"ks":{"a":0,"k":{"i":[[0,0],[0,0],[0,0],[0,0]],"o":[[0,0],[0,0],[0,0],[0,0]],"v":[[-245.072,31.899],[245.072,-97.322],[241.585,-32.907],[-245.072,97.322]],"c":true},"ix":2},"nm":"Path 1","mn":"ADBE Vector Shape - Group","hd":false},{"ty":"fl","c":{"a":0,"k":[0.991999966491,1,1,1],"ix":4},"o":{"a":0,"k":100,"ix":5},"r":1,"bm":0,"nm":"Fill 1","mn":"ADBE Vector Graphic - Fill","hd":false},{"ty":"tr","p":{"a":0,"k":[245.322,570.636],"ix":2},"a":{"a":0,"k":[0,0],"ix":1},"s":{"a":0,"k":[100,100],"ix":3},"r":{"a":0,"k":0,"ix":6},"o":{"a":0,"k":100,"ix":7},"sk":{"a":0,"k":0,"ix":4},"sa":{"a":0,"k":0,"ix":5},"nm":"Transform"}],"nm":"Group 3","np":2,"cix":2,"bm":0,"ix":3,"mn":"ADBE Vector Group","hd":false},{"ty":"gr","it":[{"ind":0,"ty":"sh","ix":1,"ks":{"a":0,"k":{"i":[[0,0],[0,0],[0,0],[0,0]],"o":[[0,0],[0,0],[0,0],[0,0]],"v":[[-243.37,31.053],[243.37,-96.475],[238.803,-31.779],[-243.37,96.475]],"c":true},"ix":2},"nm":"Path 1","mn":"ADBE Vector Shape - Group","hd":false},{"ty":"fl","c":{"a":0,"k":[0.948999980852,0.626999978458,0.356999984442,1],"ix":4},"o":{"a":0,"k":100,"ix":5},"r":1,"bm":0,"nm":"Fill 1","mn":"ADBE Vector Graphic - Fill","hd":false},{"ty":"tr","p":{"a":0,"k":[249.577,697.37],"ix":2},"a":{"a":0,"k":[0,0],"ix":1},"s":{"a":0,"k":[100,100],"ix":3},"r":{"a":0,"k":0,"ix":6},"o":{"a":0,"k":100,"ix":7},"sk":{"a":0,"k":0,"ix":4},"sa":{"a":0,"k":0,"ix":5},"nm":"Transform"}],"nm":"Group 4","np":2,"cix":2,"bm":0,"ix":4,"mn":"ADBE Vector Group","hd":false},{"ty":"gr","it":[{"ind":0,"ty":"sh","ix":1,"ks":{"a":0,"k":{"i":[[0,0],[0,0],[0,0],[0,0],[0,0],[0,0]],"o":[[0,0],[0,0],[0,0],[0,0],[0,0],[0,0]],"v":[[-9.93,314.856],[479.448,445.143],[479.448,-446.719],[-479.448,-446.719],[-479.448,446.719],[-400.209,446.719]],"c":true},"ix":2},"nm":"Path 1","mn":"ADBE Vector Shape - Group","hd":false},{"ty":"fl","c":{"a":0,"k":[0.984000052658,0.717999985639,0.352999997606,1],"ix":4},"o":{"a":0,"k":100,"ix":5},"r":1,"bm":0,"nm":"Fill 1","mn":"ADBE Vector Graphic - Fill","hd":false},{"ty":"tr","p":{"a":0,"k":[497.786,446.969],"ix":2},"a":{"a":0,"k":[0,0],"ix":1},"s":{"a":0,"k":[100,100],"ix":3},"r":{"a":0,"k":0,"ix":6},"o":{"a":0,"k":100,"ix":7},"sk":{"a":0,"k":0,"ix":4},"sa":{"a":0,"k":0,"ix":5},"nm":"Transform"}],"nm":"Group 5","np":2,"cix":2,"bm":0,"ix":5,"mn":"ADBE Vector Group","hd":false}],"ip":92,"op":136,"st":8,"bm":0},{"ddd":0,"ind":29,"ty":4,"nm":"cake mask ","td":1,"sr":1,"ks":{"o":{"a":0,"k":100,"ix":11},"r":{"a":0,"k":0,"ix":10},"p":{"a":0,"k":[509.632,534.614,0],"ix":2,"l":2},"a":{"a":0,"k":[456.618,472.735,0],"ix":1,"l":2},"s":{"a":0,"k":[100,100,100],"ix":6,"l":2}},"ao":0,"shapes":[{"ty":"gr","it":[{"ind":0,"ty":"sh","ix":1,"ks":{"a":1,"k":[{"i":{"x":0.833,"y":0.833},"o":{"x":0.167,"y":0.167},"t":29,"s":[{"i":[[0,0],[0,0],[0,0],[0,0]],"o":[[0,0],[0,0],[0,0],[0,0]],"v":[[914.986,404.121],[984.986,472.121],[984.986,1015.121],[910.986,924.121]],"c":true}]},{"t":35,"s":[{"i":[[0,0],[0,0],[0,0],[0,0]],"o":[[0,0],[0,0],[0,0],[0,0]],"v":[[914.986,404.121],[984.986,472.121],[984.986,1015.121],[910.986,924.121]],"c":true}],"h":1},{"t":92,"s":[{"i":[[0,0],[0,0],[0,0],[0,0]],"o":[[0,0],[0,0],[0,0],[0,0]],"v":[[914.986,404.121],[364.986,473.121],[364.986,1016.121],[910.986,924.121]],"c":true}],"h":1},{"t":107,"s":[{"i":[[0,0],[0,0],[0,0],[0,0]],"o":[[0,0],[0,0],[0,0],[0,0]],"v":[[914.986,404.121],[734.986,415.121],[734.986,876.121],[910.986,924.121]],"c":true}],"h":1},{"t":121,"s":[{"i":[[0,0],[0,0],[0,0],[0,0]],"o":[[0,0],[0,0],[0,0],[0,0]],"v":[[914.986,404.121],[984.986,472.121],[984.986,1015.121],[910.986,924.121]],"c":true}],"h":1}],"ix":2},"nm":"Path 1","mn":"ADBE Vector Shape - Group","hd":false},{"ty":"fl","c":{"a":0,"k":[0.375999989229,0.375999989229,0.375999989229,1],"ix":4},"o":{"a":0,"k":100,"ix":5},"r":1,"bm":0,"nm":"Fill 1","mn":"ADBE Vector Graphic - Fill","hd":false},{"ty":"tr","p":{"a":0,"k":[0,0],"ix":2},"a":{"a":0,"k":[0,0],"ix":1},"s":{"a":0,"k":[100,100],"ix":3},"r":{"a":0,"k":0,"ix":6},"o":{"a":0,"k":100,"ix":7},"sk":{"a":0,"k":0,"ix":4},"sa":{"a":0,"k":0,"ix":5},"nm":"Transform"}],"nm":"Shape 1","np":3,"cix":2,"bm":0,"ix":1,"mn":"ADBE Vector Group","hd":false},{"ty":"gr","it":[{"ind":0,"ty":"sh","ix":1,"ks":{"a":1,"k":[{"i":{"x":0.667,"y":1},"o":{"x":0.167,"y":0.167},"t":11,"s":[{"i":[[-178.724,2.764],[0.661,55.746],[85.808,24.608],[122.546,-37.535],[-0.648,-28.153]],"o":[[210.632,-3.257],[-0.365,-30.789],[-107.803,-30.916],[-69.849,21.394],[1.223,53.125]],"v":[[-7.184,450.622],[338.733,338.174],[219.56,255.777],[-237.178,259.92],[-333.984,334.539]],"c":true}]},{"i":{"x":0.667,"y":1},"o":{"x":0.333,"y":0},"t":14,"s":[{"i":[[-191.403,2.96],[-7.593,59.22],[194,217.826],[159.264,-319.871],[-1.173,-67.825]],"o":[[225.575,-3.488],[7.272,-56.714],[-194,-217.826],[-159.264,319.871],[0.984,56.901]],"v":[[-8.206,459.874],[372.961,335.165],[456.368,-470.788],[-456.368,-472.485],[-364.616,334.485]],"c":true}]},{"i":{"x":0.833,"y":0.833},"o":{"x":0.333,"y":0},"t":19,"s":[{"i":[[-191.422,-1.26],[-12.593,58.22],[194,217.826],[159.264,-319.871],[-10.016,-71.099]],"o":[[229.575,1.512],[12.088,-55.885],[-194,-217.826],[-159.264,319.871],[7.939,56.353]],"v":[[-8.206,478.874],[348.961,348.165],[456.368,-470.788],[-456.368,-472.485],[-346.616,361.485]],"c":true}]},{"i":{"x":0.833,"y":0.833},"o":{"x":0.167,"y":0.167},"t":29,"s":[{"i":[[-191.403,2.96],[-32.152,48.912],[194,217.826],[159.264,-319.871],[-35.016,-58.099]],"o":[[225.575,-3.488],[31.407,-47.78],[-194,-217.826],[-159.264,319.871],[29.738,49.342]],"v":[[-8.206,479.874],[342.961,350.165],[456.368,-470.788],[-456.368,-472.485],[-338.616,360.485]],"c":true}]},{"t":35,"s":[{"i":[[0,0],[0,0],[0,0],[0,0],[0,0]],"o":[[0,0],[0,0],[0,0],[0,0],[0,0]],"v":[[-8.11,630.874],[424.461,443.665],[456.368,-470.788],[-456.368,-472.485],[-432.616,472.485]],"c":true}],"h":1},{"t":92,"s":[{"i":[[0,0],[0,0],[0,0],[0,0],[0,0]],"o":[[0,0],[0,0],[0,0],[0,0],[0,0]],"v":[[-7.562,328.874],[424.461,443.665],[456.368,-470.788],[-456.368,-472.485],[-432.616,472.485]],"c":true}],"h":1},{"t":107,"s":[{"i":[[0,0],[0,0],[0,0],[0,0],[0,0]],"o":[[0,0],[0,0],[0,0],[0,0],[0,0]],"v":[[-7.562,328.874],[424.461,443.665],[456.368,-470.788],[-456.368,-472.485],[-432.616,472.485]],"c":true}],"h":1},{"t":121,"s":[{"i":[[0,0],[0,0],[0,0],[0,0],[0,0]],"o":[[0,0],[0,0],[0,0],[0,0],[0,0]],"v":[[-7.562,328.874],[-5.539,321.665],[-1.632,-68.788],[-436.222,-151.485],[-432.616,472.485]],"c":true}],"h":1}],"ix":2},"nm":"Path 1","mn":"ADBE Vector Shape - Group","hd":false},{"ty":"fl","c":{"a":0,"k":[0.375999989229,0.375999989229,0.375999989229,1],"ix":4},"o":{"a":0,"k":100,"ix":5},"r":1,"bm":0,"nm":"Fill 1","mn":"ADBE Vector Graphic - Fill","hd":false},{"ty":"tr","p":{"a":0,"k":[456.618,472.735],"ix":2},"a":{"a":0,"k":[0,0],"ix":1},"s":{"a":0,"k":[100,100],"ix":3},"r":{"a":0,"k":0,"ix":6},"o":{"a":0,"k":100,"ix":7},"sk":{"a":0,"k":0,"ix":4},"sa":{"a":0,"k":0,"ix":5},"nm":"Transform"}],"nm":"Group 1","np":2,"cix":2,"bm":0,"ix":2,"mn":"ADBE Vector Group","hd":false}],"ip":11,"op":136,"st":20,"bm":0},{"ddd":0,"ind":30,"ty":4,"nm":"cake ","parent":31,"tt":1,"sr":1,"ks":{"o":{"a":0,"k":100,"ix":11},"r":{"a":0,"k":0,"ix":10},"p":{"s":true,"x":{"a":0,"k":-2.08,"ix":3},"y":{"a":1,"k":[{"i":{"x":[0.692],"y":[0.854]},"o":{"x":[0.167],"y":[0.167]},"t":11,"s":[232.355]},{"i":{"x":[0.667],"y":[1]},"o":{"x":[0.194],"y":[1.117]},"t":19,"s":[-284.531]},{"i":{"x":[0.667],"y":[1]},"o":{"x":[0.333],"y":[0]},"t":29,"s":[-337.645]},{"t":35,"s":[-321.645]}],"ix":4}},"a":{"a":0,"k":[381.13,318.454,0],"ix":1,"l":2},"s":{"a":0,"k":[100,100,100],"ix":6,"l":2}},"ao":0,"shapes":[{"ty":"gr","it":[{"ind":0,"ty":"sh","ix":1,"ks":{"a":1,"k":[{"i":{"x":0.833,"y":0.833},"o":{"x":0.333,"y":0},"t":26,"s":[{"i":[[3.275,-3.977],[-3.163,-3.319],[-4.227,6.108],[3.801,2.908]],"o":[[-4.913,5.966],[4.256,4.36],[4.098,-5.923],[-3.801,-2.908]],"v":[[-15.325,-0.839],[-14.358,15.183],[4.122,13.173],[-0.587,-2.303]],"c":true}]},{"i":{"x":0.25,"y":1},"o":{"x":0.167,"y":0.167},"t":43,"s":[{"i":[[4.098,-3.106],[-2.305,-3.952],[-5.503,4.966],[3.019,3.7]],"o":[[-6.147,4.659],[3.126,5.215],[5.346,-4.805],[-3.019,-3.7]],"v":[[-7.846,-9.813],[-10.604,5.966],[7.802,8.279],[6.801,-7.833]],"c":true}]},{"t":55,"s":[{"i":[[4.16,-3.04],[-2.24,-4],[-5.6,4.88],[2.96,3.76]],"o":[[-6.24,4.56],[3.04,5.28],[5.44,-4.72],[-2.96,-3.76]],"v":[[-7.28,-10.12],[-10.32,5.64],[8.08,8.28],[7.36,-7.88]],"c":true}]}],"ix":2},"nm":"Path 1","mn":"ADBE Vector Shape - Group","hd":false},{"ty":"fl","c":{"a":0,"k":[0.987999949736,0.913999968884,0.791999966491,1],"ix":4},"o":{"a":0,"k":100,"ix":5},"r":1,"bm":0,"nm":"Fill 1","mn":"ADBE Vector Graphic - Fill","hd":false},{"ty":"tr","p":{"a":0,"k":[534.57,386.219],"ix":2},"a":{"a":0,"k":[0,0],"ix":1},"s":{"a":0,"k":[100,100],"ix":3},"r":{"a":0,"k":0,"ix":6},"o":{"a":0,"k":100,"ix":7},"sk":{"a":0,"k":0,"ix":4},"sa":{"a":0,"k":0,"ix":5},"nm":"Transform"}],"nm":"Group 1","np":2,"cix":2,"bm":0,"ix":1,"mn":"ADBE Vector Group","hd":false},{"ty":"gr","it":[{"ind":0,"ty":"sh","ix":1,"ks":{"a":1,"k":[{"i":{"x":0.833,"y":0.833},"o":{"x":0.333,"y":0},"t":26,"s":[{"i":[[9.843,-12.185],[-8.14,-8.237],[-8.089,13.815],[9.753,8.732]],"o":[[-7.417,9.085],[8.14,8.237],[5.917,-10.105],[-7.315,-6.632]],"v":[[-22.32,-21.206],[-9.401,7.938],[30.289,16.185],[8.916,-8.564]],"c":true}]},{"i":{"x":0.25,"y":1},"o":{"x":0.167,"y":0.167},"t":43,"s":[{"i":[[12.369,-9.559],[-6.002,-9.876],[-11.056,11.533],[7.454,10.729]],"o":[[-9.298,7.109],[6.002,9.876],[8.077,-8.445],[-5.572,-8.127]],"v":[[-20.386,-25.674],[-14.569,5.604],[22.062,25.771],[7.023,-6.191]],"c":true}]},{"t":55,"s":[{"i":[[12.56,-9.36],[-5.84,-10],[-11.28,11.36],[7.28,10.88]],"o":[[-9.44,6.96],[5.84,10],[8.24,-8.32],[-5.44,-8.24]],"v":[[-20.24,-25.64],[-14.96,5.799],[21.44,23.64],[6.88,-5.64]],"c":true}]}],"ix":2},"nm":"Path 1","mn":"ADBE Vector Shape - Group","hd":false},{"ty":"fl","c":{"a":0,"k":[0.987999949736,0.913999968884,0.791999966491,1],"ix":4},"o":{"a":0,"k":100,"ix":5},"r":1,"bm":0,"nm":"Fill 1","mn":"ADBE Vector Graphic - Fill","hd":false},{"ty":"tr","p":{"a":0,"k":[563.77,427.819],"ix":2},"a":{"a":0,"k":[0,0],"ix":1},"s":{"a":0,"k":[100,100],"ix":3},"r":{"a":0,"k":0,"ix":6},"o":{"a":0,"k":100,"ix":7},"sk":{"a":0,"k":0,"ix":4},"sa":{"a":0,"k":0,"ix":5},"nm":"Transform"}],"nm":"Group 2","np":2,"cix":2,"bm":0,"ix":2,"mn":"ADBE Vector Group","hd":false},{"ty":"gr","it":[{"ind":0,"ty":"sh","ix":1,"ks":{"a":1,"k":[{"i":{"x":0.833,"y":0.833},"o":{"x":0.333,"y":0},"t":26,"s":[{"i":[[13.857,-11.495],[-12.946,-12.619],[-18.006,6.176],[10.059,3.763],[11.537,13.121]],"o":[[-9.004,7.469],[12.945,12.618],[13.931,-4.778],[-10.058,-3.763],[-5.597,-6.413]],"v":[[-33.898,-43.479],[-22.971,-6.651],[25.594,9.404],[27.213,-14.776],[-5.761,-28.19]],"c":true}]},{"i":{"x":0.25,"y":1},"o":{"x":0.167,"y":0.167},"t":43,"s":[{"i":[[14.585,-10.55],[-12.066,-13.458],[-18.372,4.971],[9.781,4.431],[10.629,13.864]],"o":[[-9.484,6.847],[12.066,13.456],[14.218,-3.832],[-9.781,-4.429],[-5.154,-6.773]],"v":[[-30.386,-29.969],[-21.957,7.503],[25.414,26.779],[28.651,2.766],[-3.343,-12.829]],"c":true}]},{"t":55,"s":[{"i":[[14.64,-10.479],[-12,-13.521],[-18.4,4.88],[9.76,4.481],[10.56,13.92]],"o":[[-9.52,6.8],[12,13.519],[14.24,-3.76],[-9.76,-4.479],[-5.12,-6.8]],"v":[[-30.12,-25.721],[-21.88,11.801],[25.4,31.32],[28.76,7.32],[-3.16,-8.44]],"c":true}]}],"ix":2},"nm":"Path 1","mn":"ADBE Vector Shape - Group","hd":false},{"ty":"fl","c":{"a":0,"k":[0.987999949736,0.913999968884,0.791999966491,1],"ix":4},"o":{"a":0,"k":100,"ix":5},"r":1,"bm":0,"nm":"Fill 1","mn":"ADBE Vector Graphic - Fill","hd":false},{"ty":"tr","p":{"a":0,"k":[347.57,442.699],"ix":2},"a":{"a":0,"k":[0,0],"ix":1},"s":{"a":0,"k":[100,100],"ix":3},"r":{"a":0,"k":0,"ix":6},"o":{"a":0,"k":100,"ix":7},"sk":{"a":0,"k":0,"ix":4},"sa":{"a":0,"k":0,"ix":5},"nm":"Transform"}],"nm":"Group 3","np":2,"cix":2,"bm":0,"ix":3,"mn":"ADBE Vector Group","hd":false},{"ty":"gr","it":[{"ind":0,"ty":"sh","ix":1,"ks":{"a":1,"k":[{"i":{"x":0.833,"y":0.833},"o":{"x":0.333,"y":0},"t":26,"s":[{"i":[[9.089,-6.566],[-6.308,-9.254],[-13.689,-6.955],[2.503,8.654],[9.499,16.954],[9.216,15.133]],"o":[[-9.001,6.503],[13.443,19.724],[13.847,7.035],[-3.99,-13.796],[-3.944,-7.039],[-5.363,-8.889]],"v":[[-24.816,-47.068],[-22.158,-14.883],[10.412,28.503],[36.968,19.192],[16.026,0.084],[-4.549,-38.109]],"c":true}]},{"i":{"x":0.25,"y":1},"o":{"x":0.167,"y":0.167},"t":43,"s":[{"i":[[9.684,-5.631],[-5.316,-9.844],[-12.89,-8.314],[1.625,8.852],[7.73,17.81],[7.628,15.973]],"o":[[-9.604,5.552],[11.365,20.964],[13.05,8.393],[-2.57,-14.116],[-3.207,-7.395],[-4.43,-9.378]],"v":[[-23.546,-36.842],[-23.372,-9.084],[4.608,35.333],[31.943,28.766],[13.063,7.656],[-4.31,-25.886]],"c":true}]},{"t":55,"s":[{"i":[[9.76,-5.52],[-5.2,-9.919],[-12.8,-8.48],[1.52,8.88],[7.52,17.92],[7.44,16.08]],"o":[[-9.68,5.44],[11.12,21.121],[12.96,8.56],[-2.4,-14.16],[-3.12,-7.441],[-4.32,-9.44]],"v":[[-23.28,-38.64],[-23.44,-11.2],[4,35.6],[31.44,29.36],[12.8,8.001],[-4.16,-27.44]],"c":true}]}],"ix":2},"nm":"Path 1","mn":"ADBE Vector Shape - Group","hd":false},{"ty":"fl","c":{"a":0,"k":[0.987999949736,0.913999968884,0.791999966491,1],"ix":4},"o":{"a":0,"k":100,"ix":5},"r":1,"bm":0,"nm":"Fill 1","mn":"ADBE Vector Graphic - Fill","hd":false},{"ty":"tr","p":{"a":0,"k":[115.29,398.579],"ix":2},"a":{"a":0,"k":[0,0],"ix":1},"s":{"a":0,"k":[100,100],"ix":3},"r":{"a":0,"k":0,"ix":6},"o":{"a":0,"k":100,"ix":7},"sk":{"a":0,"k":0,"ix":4},"sa":{"a":0,"k":0,"ix":5},"nm":"Transform"}],"nm":"Group 4","np":2,"cix":2,"bm":0,"ix":4,"mn":"ADBE Vector Group","hd":false},{"ty":"gr","it":[{"ind":0,"ty":"sh","ix":1,"ks":{"a":1,"k":[{"i":{"x":0.833,"y":0.833},"o":{"x":0.333,"y":0},"t":26,"s":[{"i":[[6.135,-7.625],[-3.819,-3.743],[-4.633,4.555],[4.282,5.067]],"o":[[-6.214,7.634],[6.256,6.13],[5.294,-5.114],[-5.506,-6.619]],"v":[[-14.085,-16.045],[-12.641,2.953],[8.23,4.517],[7.584,-13.849]],"c":true}]},{"i":{"x":0.25,"y":1},"o":{"x":0.167,"y":0.167},"t":43,"s":[{"i":[[6.869,-6.957],[-3.408,-4.114],[-5.066,4.058],[3.743,5.469]],"o":[[-6.949,6.958],[5.597,6.726],[5.779,-4.547],[-4.803,-7.136]],"v":[[-9.925,-7.972],[-10.413,11.057],[10.173,14.723],[11.389,-3.595]],"c":true}]},{"t":55,"s":[{"i":[[6.96,-6.88],[-3.36,-4.16],[-5.12,4],[3.68,5.52]],"o":[[-7.04,6.88],[5.52,6.8],[5.84,-4.481],[-4.72,-7.201]],"v":[[-9.32,-10.04],[-10.04,9],[10.52,12.92],[11.96,-5.4]],"c":true}]}],"ix":2},"nm":"Path 1","mn":"ADBE Vector Shape - Group","hd":false},{"ty":"fl","c":{"a":0,"k":[0.987999949736,0.913999968884,0.791999966491,1],"ix":4},"o":{"a":0,"k":100,"ix":5},"r":1,"bm":0,"nm":"Fill 1","mn":"ADBE Vector Graphic - Fill","hd":false},{"ty":"tr","p":{"a":0,"k":[81.65,340.379],"ix":2},"a":{"a":0,"k":[0,0],"ix":1},"s":{"a":0,"k":[100,100],"ix":3},"r":{"a":0,"k":0,"ix":6},"o":{"a":0,"k":100,"ix":7},"sk":{"a":0,"k":0,"ix":4},"sa":{"a":0,"k":0,"ix":5},"nm":"Transform"}],"nm":"Group 5","np":2,"cix":2,"bm":0,"ix":5,"mn":"ADBE Vector Group","hd":false},{"ty":"gr","it":[{"ind":0,"ty":"sh","ix":1,"ks":{"a":1,"k":[{"i":{"x":0.833,"y":0.833},"o":{"x":0.333,"y":0},"t":26,"s":[{"i":[[14.64,0.32],[0,-6.8],[-12.4,-0.721],[0,5.6]],"o":[[-15.36,-0.399],[0,8.24],[12.4,0.719],[0.08,-5.68]],"v":[[1.48,-14.441],[-19.56,0.599],[-0.04,14.12],[19.48,0.999]],"c":true}]},{"i":{"x":0.25,"y":1},"o":{"x":0.167,"y":0.167},"t":43,"s":[{"i":[[14.64,0.32],[0,-6.8],[-12.4,-0.721],[0,5.6]],"o":[[-15.36,-0.399],[0,8.24],[12.4,0.719],[0.08,-5.68]],"v":[[1.48,-14.441],[-19.56,0.599],[-0.04,14.12],[19.48,0.999]],"c":true}]},{"t":55,"s":[{"i":[[14.64,0.32],[0,-6.8],[-12.4,-0.721],[0,5.6]],"o":[[-15.36,-0.399],[0,8.24],[12.4,0.719],[0.08,-5.68]],"v":[[1.48,-14.441],[-19.56,0.599],[-0.04,14.12],[19.48,0.999]],"c":true}]}],"ix":2},"nm":"Path 1","mn":"ADBE Vector Shape - Group","hd":false},{"ty":"fl","c":{"a":0,"k":[0.991999966491,1,1,1],"ix":4},"o":{"a":0,"k":100,"ix":5},"r":1,"bm":0,"nm":"Fill 1","mn":"ADBE Vector Graphic - Fill","hd":false},{"ty":"tr","p":{"a":0,"k":[313.33,291.419],"ix":2},"a":{"a":0,"k":[0,0],"ix":1},"s":{"a":0,"k":[100,100],"ix":3},"r":{"a":0,"k":0,"ix":6},"o":{"a":0,"k":100,"ix":7},"sk":{"a":0,"k":0,"ix":4},"sa":{"a":0,"k":0,"ix":5},"nm":"Transform"}],"nm":"Group 6","np":2,"cix":2,"bm":0,"ix":6,"mn":"ADBE Vector Group","hd":false},{"ty":"gr","it":[{"ind":0,"ty":"sh","ix":1,"ks":{"a":1,"k":[{"i":{"x":0.833,"y":0.833},"o":{"x":0.333,"y":0},"t":26,"s":[{"i":[[65.36,27.601],[9.68,12.159],[5.68,-6.801],[-6.16,-7.279],[-70.96,-23.121],[-15.76,-0.559],[23.12,2.88]],"o":[[-59.92,-25.279],[-6.72,-8.481],[-5.6,6.719],[6.16,7.36],[62.4,20.319],[17.52,0.64],[-26.48,-3.28]],"v":[[-11.8,10.64],[-100.76,-50.719],[-123.32,-55.759],[-119.96,-34.4],[-15.24,38.241],[104.12,61.92],[105.8,37.68]],"c":true}]},{"i":{"x":0.25,"y":1},"o":{"x":0.167,"y":0.167},"t":43,"s":[{"i":[[65.36,27.601],[9.68,12.159],[5.68,-6.801],[-6.16,-7.279],[-70.96,-23.121],[-15.76,-0.559],[23.12,2.88]],"o":[[-59.92,-25.279],[-6.72,-8.481],[-5.6,6.719],[6.16,7.36],[62.4,20.319],[17.52,0.64],[-26.48,-3.28]],"v":[[-11.8,10.64],[-100.76,-50.719],[-123.32,-55.759],[-119.96,-34.4],[-15.24,38.241],[104.12,61.92],[105.8,37.68]],"c":true}]},{"t":55,"s":[{"i":[[65.36,27.601],[9.68,12.159],[5.68,-6.801],[-6.16,-7.279],[-70.96,-23.121],[-15.76,-0.559],[23.12,2.88]],"o":[[-59.92,-25.279],[-6.72,-8.481],[-5.6,6.719],[6.16,7.36],[62.4,20.319],[17.52,0.64],[-26.48,-3.28]],"v":[[-11.8,10.64],[-100.76,-50.719],[-123.32,-55.759],[-119.96,-34.4],[-15.24,38.241],[104.12,61.92],[105.8,37.68]],"c":true}]}],"ix":2},"nm":"Path 1","mn":"ADBE Vector Shape - Group","hd":false},{"ty":"fl","c":{"a":0,"k":[0.991999966491,1,1,1],"ix":4},"o":{"a":0,"k":100,"ix":5},"r":1,"bm":0,"nm":"Fill 1","mn":"ADBE Vector Graphic - Fill","hd":false},{"ty":"tr","p":{"a":0,"k":[146.61,231.219],"ix":2},"a":{"a":0,"k":[0,0],"ix":1},"s":{"a":0,"k":[100,100],"ix":3},"r":{"a":0,"k":0,"ix":6},"o":{"a":0,"k":100,"ix":7},"sk":{"a":0,"k":0,"ix":4},"sa":{"a":0,"k":0,"ix":5},"nm":"Transform"}],"nm":"Group 7","np":2,"cix":2,"bm":0,"ix":7,"mn":"ADBE Vector Group","hd":false},{"ty":"gr","it":[{"ty":"gr","it":[{"ind":0,"ty":"sh","ix":1,"ks":{"a":1,"k":[{"i":{"x":0.833,"y":0.833},"o":{"x":0.167,"y":0.167},"t":11,"s":[{"i":[[1.291,-0.006],[25.92,-108.16],[-4.56,-8.96],[-6.103,1.678],[-11.822,-4.379],[-55.2,-14.642],[-16.139,17.535],[-29.636,-2.106],[-83.36,-1.04],[-59.92,7.52],[-9.554,-20.033],[-42.105,6.349],[-42.08,12.399],[-5.346,-7.329],[-6.736,0.606],[11.28,38.24],[234.888,0.002]],"o":[[-84.48,0.4],[-25.92,108.159],[2.251,4.542],[6.044,-1.662],[30.4,11.278],[29.249,7.757],[14.319,-15.557],[63.04,4.48],[85.6,1.12],[28.93,-3.669],[10.021,21.016],[82.24,-12.4],[17.698,-5.189],[4.295,5.89],[12.4,-1.121],[-11.219,-38.033],[-1.283,0]],"v":[[9.43,-428.036],[-355.45,-299.635],[-372.96,100.845],[-360.941,102.031],[-334.64,103.086],[-251.28,211.165],[-191.827,183.852],[-131.92,154.844],[-14.8,244.924],[98.96,153.724],[144.843,190.122],[209.36,225.805],[324.16,83.965],[354.253,93.432],[368.48,104.604],[364.23,-288.355],[13.284,-428.044]],"c":true}]},{"i":{"x":0.667,"y":1},"o":{"x":0.167,"y":0.167},"t":19,"s":[{"i":[[1.291,-0.006],[25.92,-108.16],[-4.56,-8.96],[-6.103,1.678],[-11.822,-4.379],[-55.2,-14.642],[-16.139,17.535],[-29.636,-2.106],[-83.36,-1.04],[-59.92,7.52],[-9.554,-20.033],[-42.105,6.349],[-42.08,12.399],[-5.346,-7.329],[-6.736,0.606],[11.28,38.24],[234.888,0.002]],"o":[[-84.48,0.4],[-25.92,108.159],[2.251,4.542],[6.044,-1.662],[30.4,11.278],[29.249,7.757],[14.319,-15.557],[63.04,4.48],[85.6,1.12],[28.93,-3.669],[10.021,21.016],[82.24,-12.4],[17.698,-5.189],[4.295,5.89],[12.4,-1.121],[-11.219,-38.033],[-1.283,0]],"v":[[9.92,-246.036],[-354.96,-117.635],[-372.96,100.845],[-360.941,102.031],[-334.64,103.086],[-251.28,211.165],[-191.827,183.853],[-131.92,154.844],[-14.8,244.924],[98.96,153.724],[144.843,190.122],[209.36,225.805],[324.16,83.965],[354.253,93.432],[368.48,104.604],[364.72,-106.355],[13.774,-246.044]],"c":true}]},{"i":{"x":0.833,"y":0.833},"o":{"x":0.333,"y":0},"t":26,"s":[{"i":[[1.291,-0.006],[25.92,-108.16],[-4.56,-8.96],[-6.103,1.678],[-11.822,-4.379],[-54.221,-17.929],[-19.317,13.957],[-29.636,-2.106],[-83.36,-1.04],[-59.92,7.52],[-14.227,-17.036],[-39.211,16.602],[-42.08,12.399],[-5.346,-7.329],[-6.736,0.606],[11.28,38.24],[234.888,0.002]],"o":[[-84.48,0.4],[-25.92,108.159],[2.251,4.542],[6.044,-1.662],[30.4,11.278],[28.73,9.5],[13.907,-10.048],[63.04,4.48],[85.6,1.12],[28.93,-3.669],[14.924,17.871],[76.588,-32.426],[17.698,-5.189],[4.295,5.89],[12.4,-1.121],[-11.219,-38.033],[-1.283,0]],"v":[[9.92,-246.036],[-354.96,-117.635],[-372.96,100.845],[-360.941,102.031],[-334.64,100.086],[-255.088,207.07],[-191.827,178.765],[-131.92,149.844],[-14.8,224.924],[98.96,148.724],[151.812,197.842],[223.167,216.393],[324.16,78.965],[354.253,93.432],[368.48,104.604],[364.72,-106.355],[13.774,-246.044]],"c":true}]},{"i":{"x":0.25,"y":1},"o":{"x":0.167,"y":0.167},"t":43,"s":[{"i":[[1.291,-0.006],[25.92,-108.16],[-4.56,-8.96],[-6.103,1.678],[-11.822,-4.379],[-55.2,-14.642],[-16.362,17.283],[-29.636,-2.106],[-83.36,-1.04],[-59.92,7.52],[-9.883,-19.822],[-41.902,7.07],[-42.08,12.399],[-5.346,-7.329],[-6.736,0.606],[11.28,38.24],[234.888,0.002]],"o":[[-84.48,0.4],[-25.92,108.159],[2.251,4.542],[6.044,-1.662],[30.4,11.278],[29.249,7.757],[14.29,-15.17],[63.04,4.48],[85.6,1.12],[28.93,-3.669],[10.366,20.795],[81.843,-13.808],[17.698,-5.189],[4.295,5.89],[12.4,-1.121],[-11.219,-38.033],[-1.283,0]],"v":[[9.92,-246.036],[-354.96,-117.635],[-372.96,100.845],[-360.941,102.031],[-334.64,102.875],[-251.28,211.105],[-191.827,186.495],[-131.92,154.493],[-14.8,240.518],[98.96,153.373],[145.333,190.319],[210.331,227.797],[324.16,83.613],[354.253,93.432],[368.48,104.604],[364.72,-106.355],[13.774,-246.044]],"c":true}]},{"t":55,"s":[{"i":[[1.291,-0.006],[25.92,-108.16],[-4.56,-8.96],[-6.103,1.678],[-11.822,-4.379],[-55.2,-14.642],[-16.139,17.535],[-29.636,-2.106],[-83.36,-1.04],[-59.92,7.52],[-9.554,-20.033],[-42.105,6.349],[-42.08,12.399],[-5.346,-7.329],[-6.736,0.606],[11.28,38.24],[234.888,0.002]],"o":[[-84.48,0.4],[-25.92,108.159],[2.251,4.542],[6.044,-1.662],[30.4,11.278],[29.249,7.757],[14.319,-15.557],[63.04,4.48],[85.6,1.12],[28.93,-3.669],[10.021,21.016],[82.24,-12.4],[17.698,-5.189],[4.295,5.89],[12.4,-1.121],[-11.219,-38.033],[-1.283,0]],"v":[[9.92,-246.036],[-354.96,-117.635],[-372.96,100.845],[-360.941,102.031],[-334.64,103.086],[-251.28,211.165],[-191.827,183.853],[-131.92,154.844],[-14.8,244.924],[98.96,153.724],[144.843,190.122],[209.36,225.805],[324.16,83.965],[354.253,93.432],[368.48,104.604],[364.72,-106.355],[13.774,-246.044]],"c":true}]}],"ix":2},"nm":"Path 2","mn":"ADBE Vector Shape - Group","hd":false},{"ty":"tr","p":{"a":0,"k":[0,0],"ix":2},"a":{"a":0,"k":[0,0],"ix":1},"s":{"a":0,"k":[100,100],"ix":3},"r":{"a":0,"k":0,"ix":6},"o":{"a":0,"k":100,"ix":7},"sk":{"a":0,"k":0,"ix":4},"sa":{"a":0,"k":0,"ix":5},"nm":"Transform"}],"nm":"Group 1","np":1,"cix":2,"bm":0,"ix":1,"mn":"ADBE Vector Group","hd":false},{"ty":"gf","o":{"a":0,"k":100,"ix":10},"r":1,"bm":0,"g":{"p":3,"k":{"a":0,"k":[0.656,0.996,0.918,0.788,0.903,0.998,0.857,0.655,0.988,1,0.796,0.522],"ix":9}},"s":{"a":0,"k":[-2,-458],"ix":5},"e":{"a":0,"k":[-6,244],"ix":6},"t":2,"h":{"a":0,"k":0,"ix":7},"a":{"a":0,"k":0,"ix":8},"nm":"Gradient Fill 1","mn":"ADBE Vector Graphic - G-Fill","hd":false},{"ty":"tr","p":{"a":0,"k":[381.13,246.294],"ix":2},"a":{"a":0,"k":[0,0],"ix":1},"s":{"a":0,"k":[100,100],"ix":3},"r":{"a":0,"k":0,"ix":6},"o":{"a":0,"k":100,"ix":7},"sk":{"a":0,"k":0,"ix":4},"sa":{"a":0,"k":0,"ix":5},"nm":"Transform"}],"nm":"Group 8","np":2,"cix":2,"bm":0,"ix":8,"mn":"ADBE Vector Group","hd":false},{"ty":"gr","it":[{"ind":0,"ty":"sh","ix":1,"ks":{"a":1,"k":[{"i":{"x":0.833,"y":0.833},"o":{"x":0.333,"y":0},"t":26,"s":[{"i":[[-173.36,-4.96],[0,0],[0,0],[221.92,5.6],[0,0],[0,0]],"o":[[198.24,5.6],[0,0],[0,0],[-221.92,-5.6],[0,0],[0,0]],"v":[[-14.64,27.6],[367.12,-88.4],[361.52,-27.6],[-11.28,82.8],[-361.52,-27.6],[-367.12,-80.56]],"c":true}]},{"i":{"x":0.25,"y":1},"o":{"x":0.167,"y":0.167},"t":43,"s":[{"i":[[-173.36,-4.96],[0,0],[0,0],[221.92,5.6],[0,0],[0,0]],"o":[[198.24,5.6],[0,0],[0,0],[-221.92,-5.6],[0,0],[0,0]],"v":[[-14.64,27.6],[367.12,-88.4],[361.52,-27.6],[-11.28,82.8],[-361.52,-27.6],[-367.12,-80.56]],"c":true}]},{"t":55,"s":[{"i":[[-173.36,-4.96],[0,0],[0,0],[221.92,5.6],[0,0],[0,0]],"o":[[198.24,5.6],[0,0],[0,0],[-221.92,-5.6],[0,0],[0,0]],"v":[[-14.64,27.6],[367.12,-88.4],[361.52,-27.6],[-11.28,82.8],[-361.52,-27.6],[-367.12,-80.56]],"c":true}]}],"ix":2},"nm":"Path 1","mn":"ADBE Vector Shape - Group","hd":false},{"ty":"fl","c":{"a":0,"k":[0.948999980852,0.626999978458,0.356999984442,1],"ix":4},"o":{"a":0,"k":100,"ix":5},"r":1,"bm":0,"nm":"Fill 1","mn":"ADBE Vector Graphic - Fill","hd":false},{"ty":"tr","p":{"a":0,"k":[380.89,445.699],"ix":2},"a":{"a":0,"k":[0,0],"ix":1},"s":{"a":0,"k":[100,100],"ix":3},"r":{"a":0,"k":0,"ix":6},"o":{"a":0,"k":100,"ix":7},"sk":{"a":0,"k":0,"ix":4},"sa":{"a":0,"k":0,"ix":5},"nm":"Transform"}],"nm":"Group 9","np":2,"cix":2,"bm":0,"ix":9,"mn":"ADBE Vector Group","hd":false},{"ty":"gr","it":[{"ind":0,"ty":"sh","ix":1,"ks":{"a":1,"k":[{"i":{"x":0.667,"y":1},"o":{"x":0.333,"y":0},"t":29,"s":[{"i":[[0,0],[1.12,-16.88],[-24.72,-30.4],[-222.96,-2.24],[-12.4,20.24],[-1.12,74.32],[0,0]],"o":[[0,0],[-1.12,16.88],[24.72,30.4],[222.96,2.24],[12.4,-20.24],[1.12,-74.321],[0,0]],"v":[[-352.48,-150.96],[-368.24,-107.039],[-333.36,93.68],[-10.16,206.32],[338.96,86.961],[368.24,-118.24],[-27.04,-140.799]],"c":true}]},{"t":35,"s":[{"i":[[0,0],[1.12,-16.88],[-24.72,-30.4],[-222.96,-2.24],[-12.4,20.24],[-1.12,74.32],[0,0]],"o":[[0,0],[-1.12,16.88],[24.72,30.4],[222.96,2.24],[12.4,-20.24],[1.12,-74.321],[0,0]],"v":[[-352.48,-150.96],[-368.24,-107.039],[-333.36,77.68],[-10.16,190.32],[338.96,70.961],[368.24,-118.24],[-27.04,-140.799]],"c":true}]}],"ix":2},"nm":"Path 1","mn":"ADBE Vector Shape - Group","hd":false},{"ty":"fl","c":{"a":0,"k":[0.984000052658,0.717999985639,0.352999997606,1],"ix":4},"o":{"a":0,"k":100,"ix":5},"r":1,"bm":0,"nm":"Fill 1","mn":"ADBE Vector Graphic - Fill","hd":false},{"ty":"tr","p":{"a":0,"k":[380.89,444.099],"ix":2},"a":{"a":0,"k":[0,0],"ix":1},"s":{"a":0,"k":[100,100],"ix":3},"r":{"a":0,"k":0,"ix":6},"o":{"a":0,"k":100,"ix":7},"sk":{"a":0,"k":0,"ix":4},"sa":{"a":0,"k":0,"ix":5},"nm":"Transform"}],"nm":"Group 10","np":2,"cix":2,"bm":0,"ix":10,"mn":"ADBE Vector Group","hd":false}],"ip":11,"op":136,"st":20,"bm":0},{"ddd":0,"ind":31,"ty":3,"nm":"Null Cake","sr":1,"ks":{"o":{"a":0,"k":0,"ix":11},"r":{"a":0,"k":0,"ix":10},"p":{"a":0,"k":[512,1020,0],"ix":2,"l":2},"a":{"a":0,"k":[0,0,0],"ix":1,"l":2},"s":{"a":1,"k":[{"i":{"x":[0.667,0.667,0.667],"y":[1,1,1]},"o":{"x":[0.333,0.333,0.333],"y":[0,0,0]},"t":25,"s":[98,102,100]},{"i":{"x":[0.667,0.667,0.667],"y":[1,1,1]},"o":{"x":[0.333,0.333,0.333],"y":[0,0,0]},"t":32,"s":[102,98,100]},{"t":39,"s":[100,100,100]}],"ix":6,"l":2}},"ao":0,"ip":0,"op":158,"st":0,"bm":0}],"markers":[{"tm":55,"cm":"rest","dr":0}]}